seconds,frequency,s1,s2,s3,s4,s5,s6,s7,s8,s9,s10,s11,s12,s13,s14,s15,s16,s17,s18,s19,s20,s21,s22,s23,s24,s25,s26,s27,s28,s29,s30,s31,s32,timestamp_ms,temperature,humidity,sensor_module_id,run_name,trial_id,dataset,session_id,trial_state,label
0.0,1.0,12369,99916,29381,52946,221908,20268,133978,68833,192813,88370,142130,67784,12227,81035,5855,1459,60114,29733,104717,253202,178445,21688,352400,8992,29278,262804,42744,51874,302611,39576,409859,242643,2022-11-15T15:13:36.294000-05:00,25.09,38.31,100360_9606_705204,20221115_1513_agritech_batch2bfusmalljarmoldy_5_1trials,1,IAF-AGRITECH-BATCH2BFUSMALLJARMOLDY,727f8aac-5e86-4003-b96f-77b53ed655d3,baseline,moldy
1.0,1.0,12369,99863,29393,52954,222096,20272,133896,68847,192798,88362,142267,67728,12226,80974,5855,1459,60145,29716,105007,253215,178233,21700,352499,8985,29311,262680,42736,51851,302642,39556,409928,242486,2022-11-15T15:13:37.294000-05:00,25.098352214212152,38.28901132852729,100360_9606_705204,20221115_1513_agritech_batch2bfusmalljarmoldy_5_1trials,1,IAF-AGRITECH-BATCH2BFUSMALLJARMOLDY,727f8aac-5e86-4003-b96f-77b53ed655d3,baseline,moldy
2.0,1.0,12369,99912,29389,52978,221878,20266,134042,68826,192889,88341,142257,67743,12226,80836,5855,1457,60162,29718,104554,253279,178423,21699,352585,8982,29296,262951,42738,51828,302653,39515,410053,242450,2022-11-15T15:13:38.294000-05:00,25.051888544891643,38.26,100360_9606_705204,20221115_1513_agritech_batch2bfusmalljarmoldy_5_1trials,1,IAF-AGRITECH-BATCH2BFUSMALLJARMOLDY,727f8aac-5e86-4003-b96f-77b53ed655d3,baseline,moldy
3.0,1.0,12368,99949,29402,52940,221982,20265,134035,68835,192831,88355,142249,67679,12228,80841,5855,1458,60140,29720,104741,253237,178334,21692,352445,8980,29286,262767,42736,51844,302601,39504,409838,242693,2022-11-15T15:13:39.294000-05:00,25.07905056759546,38.25905056759546,100360_9606_705204,20221115_1513_agritech_batch2bfusmalljarmoldy_5_1trials,1,IAF-AGRITECH-BATCH2BFUSMALLJARMOLDY,727f8aac-5e86-4003-b96f-77b53ed655d3,baseline,moldy
4.0,1.0,12368,99905,29386,52907,221954,20261,133974,68811,192861,88345,142093,67632,12226,80903,5852,1456,60114,29717,104919,253182,178500,21691,352554,8970,29288,262877,42726,51843,302356,39493,409610,242590,2022-11-15T15:13:40.294000-05:00,25.0725386996904,38.247461300309595,100360_9606_705204,20221115_1513_agritech_batch2bfusmalljarmoldy_5_1trials,1,IAF-AGRITECH-BATCH2BFUSMALLJARMOLDY,727f8aac-5e86-4003-b96f-77b53ed655d3,baseline,moldy
5.0,1.0,12370,99892,29389,52874,222108,20262,133903,68864,192838,88343,142024,67578,12226,80865,5853,1460,60134,29723,105001,253212,178337,21703,352457,8968,29256,262870,42729,51822,302158,39476,409342,242756,2022-11-15T15:13:41.294000-05:00,25.088410732714138,38.22205366357069,100360_9606_705204,20221115_1513_agritech_batch2bfusmalljarmoldy_5_1trials,1,IAF-AGRITECH-BATCH2BFUSMALLJARMOLDY,727f8aac-5e86-4003-b96f-77b53ed655d3,baseline,moldy
6.0,1.0,12366,99890,29384,52868,221976,20267,133935,68841,192895,88341,141935,67553,12226,80913,5849,1459,60140,29717,105013,253143,178329,21707,352414,8964,29277,262766,42710,51817,302243,39447,409762,242691,2022-11-15T15:13:42.294000-05:00,25.072283628779978,38.17807090719499,100360_9606_705204,20221115_1513_agritech_batch2bfusmalljarmoldy_5_1trials,1,IAF-AGRITECH-BATCH2BFUSMALLJARMOLDY,727f8aac-5e86-4003-b96f-77b53ed655d3,baseline,moldy
7.0,1.0,12367,99891,29376,52866,222002,20270,133868,68848,192859,88328,141942,67502,12226,80949,5852,1458,60132,29719,104917,253192,178172,21694,352679,8960,29283,262849,42715,51776,302048,39451,409530,242665,2022-11-15T15:13:43.294000-05:00,25.051783107403544,38.16528675703858,100360_9606_705204,20221115_1513_agritech_batch2bfusmalljarmoldy_5_1trials,1,IAF-AGRITECH-BATCH2BFUSMALLJARMOLDY,727f8aac-5e86-4003-b96f-77b53ed655d3,baseline,moldy
8.0,1.0,12366,99865,29359,52866,222047,20266,133796,68853,192812,88325,142024,67476,12230,80873,5851,1458,60145,29730,104868,253236,178297,21693,352602,8956,29270,262667,42727,51768,301883,39454,409684,242698,2022-11-15T15:13:44.294000-05:00,25.087247422680413,38.144494845360825,100360_9606_705204,20221115_1513_agritech_batch2bfusmalljarmoldy_5_1trials,1,IAF-AGRITECH-BATCH2BFUSMALLJARMOLDY,727f8aac-5e86-4003-b96f-77b53ed655d3,baseline,moldy
9.0,1.0,12366,99850,29348,52843,221931,20257,133844,68873,192769,88324,142033,67478,12230,80839,5851,1457,60154,29726,104675,253300,178225,21693,352625,8950,29261,262634,42721,51758,301812,39438,409629,242563,2022-11-15T15:13:45.294000-05:00,25.076903023983316,38.12690302398332,100360_9606_705204,20221115_1513_agritech_batch2bfusmalljarmoldy_5_1trials,1,IAF-AGRITECH-BATCH2BFUSMALLJARMOLDY,727f8aac-5e86-4003-b96f-77b53ed655d3,baseline,moldy
10.0,1.0,12368,99879,29352,52841,221894,20262,133821,68868,192800,88327,141994,67440,12230,80846,5848,1460,60119,29718,104813,253219,178253,21694,352562,8945,29250,262582,42717,51734,301968,39445,409716,242493,2022-11-15T15:13:46.294000-05:00,25.056061855670105,38.11651546391752,100360_9606_705204,20221115_1513_agritech_batch2bfusmalljarmoldy_5_1trials,1,IAF-AGRITECH-BATCH2BFUSMALLJARMOLDY,727f8aac-5e86-4003-b96f-77b53ed655d3,baseline,moldy
11.0,1.0,12365,99916,29365,52834,221911,20263,133767,68879,192807,88326,141951,67421,12229,80886,5846,1460,60126,29709,104942,253243,178309,21698,352493,8938,29247,262560,42704,51709,301985,39417,409608,242524,2022-11-15T15:13:47.294000-05:00,25.04139318885449,38.094809081527345,100360_9606_705204,20221115_1513_agritech_batch2bfusmalljarmoldy_5_1trials,1,IAF-AGRITECH-BATCH2BFUSMALLJARMOLDY,727f8aac-5e86-4003-b96f-77b53ed655d3,baseline,moldy
12.0,1.0,12363,99899,29374,52850,221938,20262,133746,68878,192810,88334,141957,67394,12228,80823,5844,1457,60134,29709,104850,253124,178227,21690,352505,8935,29248,262664,42694,51696,301920,39404,409397,242423,2022-11-15T15:13:48.294000-05:00,25.06822680412371,38.07,100360_9606_705204,20221115_1513_agritech_batch2bfusmalljarmoldy_5_1trials,1,IAF-AGRITECH-BATCH2BFUSMALLJARMOLDY,727f8aac-5e86-4003-b96f-77b53ed655d3,baseline,moldy
13.0,1.0,12364,99846,29378,52843,221949,20260,133751,68876,192754,88324,141887,67314,12229,80837,5842,1457,60160,29714,105081,253099,178137,21687,352408,8931,29246,262689,42695,51693,301908,39373,409421,242489,2022-11-15T15:13:49.294000-05:00,25.088863636363637,38.056704545454544,100360_9606_705204,20221115_1513_agritech_batch2bfusmalljarmoldy_5_1trials,1,IAF-AGRITECH-BATCH2BFUSMALLJARMOLDY,727f8aac-5e86-4003-b96f-77b53ed655d3,baseline,moldy
14.0,1.0,12367,99856,29393,52812,222006,20264,133875,68892,192685,88312,141851,67277,12229,80834,5843,1457,60145,29711,104886,253163,178232,21692,352395,8927,29237,262676,42692,51672,301745,39374,409303,242605,2022-11-15T15:13:50.294000-05:00,25.085742268041237,38.04,100360_9606_705204,20221115_1513_agritech_batch2bfusmalljarmoldy_5_1trials,1,IAF-AGRITECH-BATCH2BFUSMALLJARMOLDY,727f8aac-5e86-4003-b96f-77b53ed655d3,baseline,moldy
15.0,1.0,12367,99880,29403,52796,221992,20261,133918,68915,192751,88317,141798,67293,12229,80862,5842,1457,60119,29716,104553,253018,178202,21695,352373,8925,29236,262643,42714,51655,301666,39357,409368,242451,2022-11-15T15:13:51.294000-05:00,25.07511991657977,38.03488008342023,100360_9606_705204,20221115_1513_agritech_batch2bfusmalljarmoldy_5_1trials,1,IAF-AGRITECH-BATCH2BFUSMALLJARMOLDY,727f8aac-5e86-4003-b96f-77b53ed655d3,baseline,moldy
16.0,1.0,12368,99873,29397,52791,221999,20258,134051,68902,192772,88314,141787,67247,12230,80871,5839,1458,60147,29723,104776,252941,178067,21698,352440,8920,29240,262695,42721,51655,301602,39321,409631,242495,2022-11-15T15:13:52.294000-05:00,25.091106471816286,38.02444676409186,100360_9606_705204,20221115_1513_agritech_batch2bfusmalljarmoldy_5_1trials,1,IAF-AGRITECH-BATCH2BFUSMALLJARMOLDY,727f8aac-5e86-4003-b96f-77b53ed655d3,baseline,moldy
17.0,1.0,12368,99874,29387,52769,221930,20256,134129,68909,192746,88312,141821,67187,12231,80856,5839,1459,60183,29724,104711,252935,178129,21697,352444,8915,29253,262679,42711,51646,301582,39311,409729,242640,2022-11-15T15:13:53.294000-05:00,25.08817713697219,37.996354273944384,100360_9606_705204,20221115_1513_agritech_batch2bfusmalljarmoldy_5_1trials,1,IAF-AGRITECH-BATCH2BFUSMALLJARMOLDY,727f8aac-5e86-4003-b96f-77b53ed655d3,baseline,moldy
18.0,1.0,12367,99894,29377,52775,221904,20253,134044,68899,192761,88294,141807,67169,12229,80993,5841,1458,60183,29726,104823,252941,178180,21696,352420,8911,29241,262701,42709,51628,301554,39298,409594,242708,2022-11-15T15:13:54.294000-05:00,25.08,37.98,100360_9606_705204,20221115_1513_agritech_batch2bfusmalljarmoldy_5_1trials,1,IAF-AGRITECH-BATCH2BFUSMALLJARMOLDY,727f8aac-5e86-4003-b96f-77b53ed655d3,baseline,moldy
19.0,1.0,12365,99863,29380,52773,221904,20257,133902,68897,192727,88280,141844,67143,12229,81034,5840,1458,60175,29726,104940,252971,178169,21693,352350,8909,29235,262709,42704,51611,301243,39291,409532,242584,2022-11-15T15:13:55.294000-05:00,25.086635706914343,37.96009287925697,100360_9606_705204,20221115_1513_agritech_batch2bfusmalljarmoldy_5_1trials,1,IAF-AGRITECH-BATCH2BFUSMALLJARMOLDY,727f8aac-5e86-4003-b96f-77b53ed655d3,baseline,moldy
20.0,1.0,12363,99839,29396,52756,221892,20258,133865,68899,192703,88273,141820,67096,12230,80987,5837,1459,60168,29720,105045,252998,178369,21692,352272,8907,29215,262708,42704,51592,301113,39282,409859,242579,2022-11-15T15:13:56.294000-05:00,25.083044375644995,37.943044375644995,100360_9606_705204,20221115_1513_agritech_batch2bfusmalljarmoldy_5_1trials,1,IAF-AGRITECH-BATCH2BFUSMALLJARMOLDY,727f8aac-5e86-4003-b96f-77b53ed655d3,baseline,moldy
21.0,1.0,12362,99836,29394,52761,222021,20263,133824,68902,192712,88286,141796,67020,12230,81003,5835,1459,60154,29722,105080,252922,178109,21694,352223,8901,29211,262668,42692,51590,301365,39274,410023,242608,2022-11-15T15:13:57.294000-05:00,25.0873132780083,37.9253734439834,100360_9606_705204,20221115_1513_agritech_batch2bfusmalljarmoldy_5_1trials,1,IAF-AGRITECH-BATCH2BFUSMALLJARMOLDY,727f8aac-5e86-4003-b96f-77b53ed655d3,baseline,moldy
22.0,1.0,12362,99827,29380,52746,221949,20265,134188,68908,192737,88280,141704,66977,12227,81001,5833,1460,60173,29724,104950,252943,178069,21692,352133,8900,29210,262741,42668,51576,301168,39246,409947,242648,2022-11-15T15:13:58.294000-05:00,25.08235294117647,37.90470588235294,100360_9606_705204,20221115_1513_agritech_batch2bfusmalljarmoldy_5_1trials,1,IAF-AGRITECH-BATCH2BFUSMALLJARMOLDY,727f8aac-5e86-4003-b96f-77b53ed655d3,baseline,moldy
23.0,1.0,12362,99828,29367,52760,221957,20262,134068,68884,192756,88297,141722,66927,12228,81018,5833,1457,60160,29721,104857,252952,178139,21688,352182,8895,29228,262674,42679,51588,301201,39245,409901,242667,2022-11-15T15:13:59.294000-05:00,25.08,37.876,100360_9606_705204,20221115_1513_agritech_batch2bfusmalljarmoldy_5_1trials,1,IAF-AGRITECH-BATCH2BFUSMALLJARMOLDY,727f8aac-5e86-4003-b96f-77b53ed655d3,baseline,moldy
24.0,1.0,12363,99793,29363,52734,221912,20265,134051,68904,192838,88265,141682,66936,12227,80817,5833,1456,60177,29725,104980,253117,178152,21684,352174,8894,29249,262583,42678,51581,300935,39215,409938,242693,2022-11-15T15:14:00.294000-05:00,25.063169968717414,37.87,100360_9606_705204,20221115_1513_agritech_batch2bfusmalljarmoldy_5_1trials,1,IAF-AGRITECH-BATCH2BFUSMALLJARMOLDY,727f8aac-5e86-4003-b96f-77b53ed655d3,baseline,moldy
25.0,1.0,12366,99849,29391,52714,221919,20260,133822,68890,192803,88294,141586,66853,12227,80962,5830,1459,60156,29715,104704,253098,178176,21687,352086,8894,29239,262558,42682,51549,301007,39210,410032,242704,2022-11-15T15:14:01.294000-05:00,25.07750257997936,37.834994840041276,100360_9606_705204,20221115_1513_agritech_batch2bfusmalljarmoldy_5_1trials,1,IAF-AGRITECH-BATCH2BFUSMALLJARMOLDY,727f8aac-5e86-4003-b96f-77b53ed655d3,baseline,moldy
26.0,1.0,12365,99736,29392,52662,221787,20247,133845,68848,192689,88147,141154,65682,12220,80828,5823,1458,60125,29682,104601,253012,178089,21671,351832,8861,29154,262089,42535,51019,299230,38893,409880,242580,2022-11-15T15:14:02.294000-05:00,25.08,37.65320268179474,100360_9606_705204,20221115_1513_agritech_batch2bfusmalljarmoldy_5_1trials,1,IAF-AGRITECH-BATCH2BFUSMALLJARMOLDY,727f8aac-5e86-4003-b96f-77b53ed655d3,baseline,moldy
27.0,1.0,12363,99597,29389,52605,221635,20232,133909,68803,192567,87975,140677,64364,12213,80646,5815,1456,60093,29646,104533,252923,177986,21652,351557,8825,29058,261556,42367,50420,297188,38532,409694,242439,2022-11-15T15:14:03.294000-05:00,25.08,37.452068076328004,100360_9606_705204,20221115_1513_agritech_batch2bfusmalljarmoldy_5_1trials,1,IAF-AGRITECH-BATCH2BFUSMALLJARMOLDY,727f8aac-5e86-4003-b96f-77b53ed655d3,baseline,moldy
28.0,1.0,12349,99502,29386,52624,221904,20251,133815,68984,192756,88296,141983,67165,12239,80932,5837,1458,60221,29830,104895,253131,178355,21729,352661,8919,29415,264034,43039,53158,305586,40265,410018,242629,2022-11-15T15:14:04.294000-05:00,25.08970072239422,37.38179566563468,100360_9606_705204,20221115_1513_agritech_batch2bfusmalljarmoldy_5_1trials,1,IAF-AGRITECH-BATCH2BFUSMALLJARMOLDY,727f8aac-5e86-4003-b96f-77b53ed655d3,baseline,moldy
29.0,1.0,12380,100312,29397,53062,222132,20316,133997,68948,193019,88703,142996,73907,12257,81116,5864,1458,60286,29969,105199,253470,178685,21792,353676,9077,29824,266502,43911,58718,316982,43960,410907,243660,2022-11-15T15:14:05.294000-05:00,25.100092687950568,38.31651905252318,100360_9606_705204,20221115_1513_agritech_batch2bfusmalljarmoldy_5_1trials,1,IAF-AGRITECH-BATCH2BFUSMALLJARMOLDY,727f8aac-5e86-4003-b96f-77b53ed655d3,baseline,moldy
30.0,1.0,12420,101579,29416,54045,222413,20464,134185,69214,193688,89893,147017,108780,12308,81989,5971,1461,60451,30198,105551,254011,179039,21857,354533,9386,30164,267029,44558,63520,325968,46199,411305,243890,2022-11-15T15:14:06.294000-05:00,25.13,40.498016528925625,100360_9606_705204,20221115_1513_agritech_batch2bfusmalljarmoldy_5_1trials,1,IAF-AGRITECH-BATCH2BFUSMALLJARMOLDY,727f8aac-5e86-4003-b96f-77b53ed655d3,exposure,moldy
31.0,1.0,12441,102402,29423,54946,222649,20512,134308,69215,193944,90320,148838,123962,12309,82575,6078,1459,60535,30245,105715,254023,179364,21873,354594,9606,30351,267332,44877,65542,331325,47167,411269,244128,2022-11-15T15:14:07.294000-05:00,25.13,42.915917525773196,100360_9606_705204,20221115_1513_agritech_batch2bfusmalljarmoldy_5_1trials,1,IAF-AGRITECH-BATCH2BFUSMALLJARMOLDY,727f8aac-5e86-4003-b96f-77b53ed655d3,exposure,moldy
32.0,1.0,12454,102736,29501,55135,222755,20542,134450,69279,194101,90576,150395,129194,12319,83012,6175,1461,60625,30281,106074,254234,179354,21889,354957,9789,30523,267360,45109,66920,336472,47871,411188,244114,2022-11-15T15:14:08.294000-05:00,25.13097007223942,44.99909184726523,100360_9606_705204,20221115_1513_agritech_batch2bfusmalljarmoldy_5_1trials,1,IAF-AGRITECH-BATCH2BFUSMALLJARMOLDY,727f8aac-5e86-4003-b96f-77b53ed655d3,exposure,moldy
33.0,1.0,12468,103037,29495,55310,222852,20556,134386,69316,194342,90790,151484,131679,12319,83278,6244,1461,60642,30301,106201,254343,179499,21901,355096,9934,30586,267589,45284,67981,341121,48370,411289,244186,2022-11-15T15:14:09.294000-05:00,25.137420020639837,46.659308565531475,100360_9606_705204,20221115_1513_agritech_batch2bfusmalljarmoldy_5_1trials,1,IAF-AGRITECH-BATCH2BFUSMALLJARMOLDY,727f8aac-5e86-4003-b96f-77b53ed655d3,exposure,moldy
34.0,1.0,12473,103224,29503,55517,222925,20577,134366,69383,194333,90900,152310,133331,12319,83449,6297,1461,60680,30301,105867,254462,179341,21902,355288,10061,30635,267569,45411,68639,344938,48775,411345,244495,2022-11-15T15:14:10.294000-05:00,25.12161323681489,48.05229576008273,100360_9606_705204,20221115_1513_agritech_batch2bfusmalljarmoldy_5_1trials,1,IAF-AGRITECH-BATCH2BFUSMALLJARMOLDY,727f8aac-5e86-4003-b96f-77b53ed655d3,exposure,moldy
35.0,1.0,12474,103415,29556,55613,222966,20582,134370,69403,194535,91007,153068,133696,12319,83494,6340,1461,60729,30308,106285,254583,179240,21908,355270,10176,30683,267688,45517,69210,348550,49082,411415,244562,2022-11-15T15:14:11.294000-05:00,25.133888888888887,49.18277777777778,100360_9606_705204,20221115_1513_agritech_batch2bfusmalljarmoldy_5_1trials,1,IAF-AGRITECH-BATCH2BFUSMALLJARMOLDY,727f8aac-5e86-4003-b96f-77b53ed655d3,exposure,moldy
36.0,1.0,12477,103553,29603,55674,223024,20594,134476,69385,194467,91069,153696,133977,12316,83437,6369,1463,60785,30310,106605,254758,179247,21912,355501,10271,30718,267787,45580,69578,351377,49325,411791,244600,2022-11-15T15:14:12.294000-05:00,25.15,50.10900311526479,100360_9606_705204,20221115_1513_agritech_batch2bfusmalljarmoldy_5_1trials,1,IAF-AGRITECH-BATCH2BFUSMALLJARMOLDY,727f8aac-5e86-4003-b96f-77b53ed655d3,exposure,moldy
37.0,1.0,12477,103635,29609,55749,223090,20606,134569,69403,194456,91121,154317,134033,12318,83513,6394,1463,60786,30308,106549,254829,179234,21914,355409,10357,30727,267627,45622,69874,353479,49525,411659,244703,2022-11-15T15:14:13.294000-05:00,25.15,50.85006198347107,100360_9606_705204,20221115_1513_agritech_batch2bfusmalljarmoldy_5_1trials,1,IAF-AGRITECH-BATCH2BFUSMALLJARMOLDY,727f8aac-5e86-4003-b96f-77b53ed655d3,exposure,moldy
38.0,1.0,12483,103778,29596,55765,223071,20609,134352,69418,194549,91190,154744,133954,12319,83481,6416,1462,60790,30297,106577,254850,179339,21913,355487,10421,30760,267813,45660,70072,355752,49706,411599,244813,2022-11-15T15:14:14.294000-05:00,25.15,51.447422680412366,100360_9606_705204,20221115_1513_agritech_batch2bfusmalljarmoldy_5_1trials,1,IAF-AGRITECH-BATCH2BFUSMALLJARMOLDY,727f8aac-5e86-4003-b96f-77b53ed655d3,exposure,moldy
39.0,1.0,12486,103854,29591,55753,223001,20610,134599,69415,194575,91187,155106,134149,12320,83472,6433,1460,60768,30292,106479,254875,179425,21910,355519,10483,30798,267758,45677,70214,357716,49808,411658,244753,2022-11-15T15:14:15.294000-05:00,25.15,51.933567010309275,100360_9606_705204,20221115_1513_agritech_batch2bfusmalljarmoldy_5_1trials,1,IAF-AGRITECH-BATCH2BFUSMALLJARMOLDY,727f8aac-5e86-4003-b96f-77b53ed655d3,exposure,moldy
40.0,1.0,12483,103944,29578,55804,223056,20613,134642,69411,194633,91196,155436,134127,12317,83510,6450,1461,60776,30299,106315,254961,179317,21922,355417,10537,30818,267791,45698,70330,359104,49936,411657,244684,2022-11-15T15:14:16.294000-05:00,25.146392075078207,52.3218456725756,100360_9606_705204,20221115_1513_agritech_batch2bfusmalljarmoldy_5_1trials,1,IAF-AGRITECH-BATCH2BFUSMALLJARMOLDY,727f8aac-5e86-4003-b96f-77b53ed655d3,exposure,moldy
41.0,1.0,12486,104026,29586,55833,223115,20610,134558,69387,194644,91235,155788,133936,12317,83548,6462,1463,60825,30304,106491,254989,179265,21919,355485,10589,30838,267794,45710,70430,360839,49995,411549,244690,2022-11-15T15:14:17.294000-05:00,25.152031088082904,52.62827979274611,100360_9606_705204,20221115_1513_agritech_batch2bfusmalljarmoldy_5_1trials,1,IAF-AGRITECH-BATCH2BFUSMALLJARMOLDY,727f8aac-5e86-4003-b96f-77b53ed655d3,exposure,moldy
42.0,1.0,12485,104071,29593,55803,223133,20615,134582,69388,194642,91259,156108,133815,12319,83567,6473,1465,60828,30308,106500,254943,179490,21925,355676,10627,30837,267802,45733,70484,362423,50046,411547,244653,2022-11-15T15:14:18.294000-05:00,25.17,52.89016511867905,100360_9606_705204,20221115_1513_agritech_batch2bfusmalljarmoldy_5_1trials,1,IAF-AGRITECH-BATCH2BFUSMALLJARMOLDY,727f8aac-5e86-4003-b96f-77b53ed655d3,exposure,moldy
43.0,1.0,12483,104143,29600,55808,223122,20619,134674,69416,194693,91268,156346,133674,12320,83586,6480,1464,60803,30312,106280,254917,179477,21925,355681,10665,30819,267879,45754,70503,363631,50089,411478,244740,2022-11-15T15:14:19.294000-05:00,25.17,53.09947368421053,100360_9606_705204,20221115_1513_agritech_batch2bfusmalljarmoldy_5_1trials,1,IAF-AGRITECH-BATCH2BFUSMALLJARMOLDY,727f8aac-5e86-4003-b96f-77b53ed655d3,exposure,moldy
44.0,1.0,12486,104205,29606,55825,223104,20624,134608,69432,194652,91280,156548,133418,12320,83507,6487,1462,60824,30299,106224,254913,179326,21919,355741,10700,30824,267863,45740,70490,364742,50138,411662,244811,2022-11-15T15:14:20.294000-05:00,25.1799793814433,53.25486597938144,100360_9606_705204,20221115_1513_agritech_batch2bfusmalljarmoldy_5_1trials,1,IAF-AGRITECH-BATCH2BFUSMALLJARMOLDY,727f8aac-5e86-4003-b96f-77b53ed655d3,exposure,moldy
45.0,1.0,12489,104221,29602,55834,223248,20623,134557,69448,194640,91291,156714,133206,12315,83482,6492,1461,60827,30292,106247,254924,179235,21918,355875,10731,30836,267850,45734,70457,365582,50194,411612,244643,2022-11-15T15:14:21.294000-05:00,25.179402061855672,53.37828865979382,100360_9606_705204,20221115_1513_agritech_batch2bfusmalljarmoldy_5_1trials,1,IAF-AGRITECH-BATCH2BFUSMALLJARMOLDY,727f8aac-5e86-4003-b96f-77b53ed655d3,exposure,moldy
46.0,1.0,12489,104201,29599,55856,223189,20617,134565,69423,194671,91307,156791,133057,12317,83518,6495,1462,60800,30301,106373,254903,179096,21919,355968,10761,30842,267780,45737,70447,366364,50202,411568,244698,2022-11-15T15:14:22.294000-05:00,25.17560824742268,53.48047422680413,100360_9606_705204,20221115_1513_agritech_batch2bfusmalljarmoldy_5_1trials,1,IAF-AGRITECH-BATCH2BFUSMALLJARMOLDY,727f8aac-5e86-4003-b96f-77b53ed655d3,exposure,moldy
47.0,1.0,12491,104212,29606,55863,223150,20613,134484,69437,194706,91316,156847,132850,12318,83574,6501,1462,60817,30301,106349,254897,179160,21914,355837,10784,30841,267791,45727,70458,367001,50222,411381,244728,2022-11-15T15:14:23.294000-05:00,25.174070247933884,53.567438016528925,100360_9606_705204,20221115_1513_agritech_batch2bfusmalljarmoldy_5_1trials,1,IAF-AGRITECH-BATCH2BFUSMALLJARMOLDY,727f8aac-5e86-4003-b96f-77b53ed655d3,exposure,moldy
48.0,1.0,12493,104312,29617,55922,223206,20612,134420,69448,194696,91324,156961,132535,12318,83597,6507,1463,60833,30298,106204,254952,179058,21919,355909,10808,30861,267847,45733,70421,367630,50267,411417,244781,2022-11-15T15:14:24.294000-05:00,25.176240988671474,53.62496395468589,100360_9606_705204,20221115_1513_agritech_batch2bfusmalljarmoldy_5_1trials,1,IAF-AGRITECH-BATCH2BFUSMALLJARMOLDY,727f8aac-5e86-4003-b96f-77b53ed655d3,exposure,moldy
49.0,1.0,12494,104311,29609,55911,223236,20617,134154,69465,194611,91336,157036,132187,12317,83557,6509,1464,60824,30294,106338,254937,179036,21920,355865,10825,30868,267874,45722,70328,368018,50276,411225,244882,2022-11-15T15:14:25.294000-05:00,25.193119834710743,53.666239669421486,100360_9606_705204,20221115_1513_agritech_batch2bfusmalljarmoldy_5_1trials,1,IAF-AGRITECH-BATCH2BFUSMALLJARMOLDY,727f8aac-5e86-4003-b96f-77b53ed655d3,exposure,moldy
50.0,1.0,12494,104327,29596,55885,223296,20613,134194,69471,194590,91347,157106,131954,12314,83575,6510,1461,60792,30294,106219,254844,179115,21921,355779,10838,30866,267805,45713,70258,368294,50251,411061,244896,2022-11-15T15:14:26.294000-05:00,25.172208333333334,53.67305208333333,100360_9606_705204,20221115_1513_agritech_batch2bfusmalljarmoldy_5_1trials,1,IAF-AGRITECH-BATCH2BFUSMALLJARMOLDY,727f8aac-5e86-4003-b96f-77b53ed655d3,exposure,moldy
51.0,1.0,12494,104292,29571,55905,223318,20610,134232,69474,194610,91330,157133,131912,12315,83522,6511,1461,60823,30285,106315,254834,179106,21913,355889,10850,30821,267783,45694,70152,368506,50244,411233,245000,2022-11-15T15:14:27.294000-05:00,25.196443298969072,53.69915463917526,100360_9606_705204,20221115_1513_agritech_batch2bfusmalljarmoldy_5_1trials,1,IAF-AGRITECH-BATCH2BFUSMALLJARMOLDY,727f8aac-5e86-4003-b96f-77b53ed655d3,exposure,moldy
52.0,1.0,12494,104265,29545,55895,223382,20601,134605,69445,194503,91303,157088,131708,12315,83508,6511,1461,60810,30287,106577,254821,179273,21915,355857,10855,30840,267908,45682,70093,368457,50233,411014,245050,2022-11-15T15:14:28.294000-05:00,25.202394220846234,53.71,100360_9606_705204,20221115_1513_agritech_batch2bfusmalljarmoldy_5_1trials,1,IAF-AGRITECH-BATCH2BFUSMALLJARMOLDY,727f8aac-5e86-4003-b96f-77b53ed655d3,exposure,moldy
53.0,1.0,12493,104251,29541,55879,223368,20606,134592,69431,194439,91293,157077,131551,12314,83515,6508,1463,60809,30284,106264,254833,179382,21917,355641,10857,30849,267757,45665,69968,368208,50194,411067,244974,2022-11-15T15:14:29.294000-05:00,25.207917525773198,53.702082474226806,100360_9606_705204,20221115_1513_agritech_batch2bfusmalljarmoldy_5_1trials,1,IAF-AGRITECH-BATCH2BFUSMALLJARMOLDY,727f8aac-5e86-4003-b96f-77b53ed655d3,exposure,moldy
54.0,1.0,12492,104290,29546,55874,223334,20603,134595,69440,194494,91302,157057,131380,12311,83495,6508,1462,60816,30280,106175,254840,179279,21915,355710,10861,30846,267733,45647,69854,367969,50151,411049,244979,2022-11-15T15:14:30.294000-05:00,25.201768953068594,53.675306859205776,100360_9606_705204,20221115_1513_agritech_batch2bfusmalljarmoldy_5_1trials,1,IAF-AGRITECH-BATCH2BFUSMALLJARMOLDY,727f8aac-5e86-4003-b96f-77b53ed655d3,exposure,moldy
55.0,1.0,12491,104343,29552,55870,223302,20597,134643,69454,194572,91316,157030,131197,12309,83469,6509,1461,60821,30277,106188,254843,179131,21914,355860,10866,30844,267765,45631,69750,367743,50108,410980,245013,2022-11-15T15:14:31.294000-05:00,25.191454357916452,53.64436307374935,100360_9606_705204,20221115_1513_agritech_batch2bfusmalljarmoldy_5_1trials,1,IAF-AGRITECH-BATCH2BFUSMALLJARMOLDY,727f8aac-5e86-4003-b96f-77b53ed655d3,exposure,moldy
56.0,1.0,12491,104288,29551,55882,223210,20595,134582,69441,194565,91294,156972,130912,12315,83414,6511,1461,60868,30277,106378,254875,179203,21900,355929,10859,30805,267692,45621,69624,367267,50080,410961,244854,2022-11-15T15:14:32.294000-05:00,25.207711340206185,53.62228865979381,100360_9606_705204,20221115_1513_agritech_batch2bfusmalljarmoldy_5_1trials,1,IAF-AGRITECH-BATCH2BFUSMALLJARMOLDY,727f8aac-5e86-4003-b96f-77b53ed655d3,exposure,moldy
57.0,1.0,12494,104284,29564,55842,223273,20591,134636,69433,194664,91313,156839,130505,12314,83390,6508,1461,60826,30265,106294,254777,179178,21898,356045,10860,30825,267694,45601,69481,367265,50033,411070,244833,2022-11-15T15:14:33.294000-05:00,25.219174406604747,53.58330237358101,100360_9606_705204,20221115_1513_agritech_batch2bfusmalljarmoldy_5_1trials,1,IAF-AGRITECH-BATCH2BFUSMALLJARMOLDY,727f8aac-5e86-4003-b96f-77b53ed655d3,exposure,moldy
58.0,1.0,12489,104269,29545,55851,223349,20588,134712,69390,194712,91314,156803,130252,12312,83379,6504,1463,60866,30259,106769,254698,179248,21897,356035,10852,30789,267621,45597,69355,366724,49925,411115,244788,2022-11-15T15:14:34.294000-05:00,25.210515463917528,53.5420618556701,100360_9606_705204,20221115_1513_agritech_batch2bfusmalljarmoldy_5_1trials,1,IAF-AGRITECH-BATCH2BFUSMALLJARMOLDY,727f8aac-5e86-4003-b96f-77b53ed655d3,exposure,moldy
59.0,1.0,12489,104253,29533,55852,223267,20585,134638,69389,194593,91287,156765,129956,12316,83411,6504,1463,60846,30260,106300,254674,179167,21893,355607,10851,30820,267478,45561,69175,366550,49890,411521,244847,2022-11-15T15:14:35.294000-05:00,25.22958762886598,53.491030927835055,100360_9606_705204,20221115_1513_agritech_batch2bfusmalljarmoldy_5_1trials,1,IAF-AGRITECH-BATCH2BFUSMALLJARMOLDY,727f8aac-5e86-4003-b96f-77b53ed655d3,exposure,moldy
60.0,1.0,12491,104221,29523,55859,223357,20590,134479,69418,194746,91279,156711,129632,12310,83502,6499,1460,60847,30261,106306,254733,179031,21904,356091,10833,30793,267403,45543,69061,366001,49863,411159,244812,2022-11-15T15:14:36.294000-05:00,25.21,53.40901030927835,100360_9606_705204,20221115_1513_agritech_batch2bfusmalljarmoldy_5_1trials,1,IAF-AGRITECH-BATCH2BFUSMALLJARMOLDY,727f8aac-5e86-4003-b96f-77b53ed655d3,exposure,moldy
61.0,1.0,12487,104224,29533,55812,223232,20589,134461,69422,194564,91273,156636,129359,12313,83418,6497,1462,60841,30253,106096,254644,179227,21885,355855,10822,30803,267422,45521,68898,365864,49792,410972,244852,2022-11-15T15:14:37.294000-05:00,25.20952528379773,53.34620227038184,100360_9606_705204,20221115_1513_agritech_batch2bfusmalljarmoldy_5_1trials,1,IAF-AGRITECH-BATCH2BFUSMALLJARMOLDY,727f8aac-5e86-4003-b96f-77b53ed655d3,exposure,moldy
62.0,1.0,12487,104174,29543,55843,223343,20576,134343,69398,194507,91232,156550,129095,12310,83414,6493,1463,60834,30242,106479,254535,179230,21901,355799,10826,30757,267461,45472,68749,365118,49689,411297,244845,2022-11-15T15:14:38.294000-05:00,25.203171987641607,53.26524201853759,100360_9606_705204,20221115_1513_agritech_batch2bfusmalljarmoldy_5_1trials,1,IAF-AGRITECH-BATCH2BFUSMALLJARMOLDY,727f8aac-5e86-4003-b96f-77b53ed655d3,exposure,moldy
63.0,1.0,12486,104159,29531,55786,223237,20581,134207,69416,194551,91248,156473,128895,12308,83391,6485,1463,60807,30240,106114,254644,179176,21901,355871,10808,30788,267360,45438,68618,364800,49633,410996,244811,2022-11-15T15:14:39.294000-05:00,25.23781217750258,53.20124871001032,100360_9606_705204,20221115_1513_agritech_batch2bfusmalljarmoldy_5_1trials,1,IAF-AGRITECH-BATCH2BFUSMALLJARMOLDY,727f8aac-5e86-4003-b96f-77b53ed655d3,exposure,moldy
64.0,1.0,12483,104129,29549,55769,223191,20576,134327,69414,194465,91240,156482,128570,12309,83316,6483,1460,60803,30232,106134,254567,179234,21886,355688,10798,30774,267284,45438,68444,364160,49535,411066,244721,2022-11-15T15:14:40.294000-05:00,25.22,53.117288659793815,100360_9606_705204,20221115_1513_agritech_batch2bfusmalljarmoldy_5_1trials,1,IAF-AGRITECH-BATCH2BFUSMALLJARMOLDY,727f8aac-5e86-4003-b96f-77b53ed655d3,exposure,moldy
65.0,1.0,12483,104085,29561,55795,223250,20572,134306,69448,194394,91205,156420,128300,12310,83366,6481,1464,60790,30236,106205,254491,179043,21889,355993,10780,30757,267396,45403,68286,363429,49441,410725,244668,2022-11-15T15:14:41.294000-05:00,25.216549586776857,53.0227479338843,100360_9606_705204,20221115_1513_agritech_batch2bfusmalljarmoldy_5_1trials,1,IAF-AGRITECH-BATCH2BFUSMALLJARMOLDY,727f8aac-5e86-4003-b96f-77b53ed655d3,exposure,moldy
66.0,1.0,12483,104068,29539,55770,223236,20558,134376,69388,194392,91205,156311,128072,12306,83379,6476,1460,60840,30222,106183,254460,178934,21885,355776,10768,30738,267293,45368,68069,362727,49363,410786,244680,2022-11-15T15:14:42.294000-05:00,25.197950566426364,52.919505664263646,100360_9606_705204,20221115_1513_agritech_batch2bfusmalljarmoldy_5_1trials,1,IAF-AGRITECH-BATCH2BFUSMALLJARMOLDY,727f8aac-5e86-4003-b96f-77b53ed655d3,exposure,moldy
67.0,1.0,12483,104078,29568,55750,223295,20569,134310,69368,194347,91200,156139,127758,12307,83294,6472,1460,60830,30205,106281,254520,179034,21883,355697,10746,30749,267242,45344,67868,362187,49249,410714,244782,2022-11-15T15:14:43.294000-05:00,25.197058823529414,52.818823529411766,100360_9606_705204,20221115_1513_agritech_batch2bfusmalljarmoldy_5_1trials,1,IAF-AGRITECH-BATCH2BFUSMALLJARMOLDY,727f8aac-5e86-4003-b96f-77b53ed655d3,exposure,moldy
68.0,1.0,12482,104028,29566,55756,223197,20565,134110,69354,194422,91189,156025,127560,12307,83309,6465,1462,60821,30211,106300,254487,179169,21880,355437,10734,30726,267093,45330,67701,361505,49110,410578,244747,2022-11-15T15:14:44.294000-05:00,25.217329896907216,52.71528865979381,100360_9606_705204,20221115_1513_agritech_batch2bfusmalljarmoldy_5_1trials,1,IAF-AGRITECH-BATCH2BFUSMALLJARMOLDY,727f8aac-5e86-4003-b96f-77b53ed655d3,exposure,moldy
69.0,1.0,12482,103978,29541,55735,223198,20562,134314,69363,194312,91164,155957,127205,12309,83239,6461,1461,60815,30198,106047,254472,179175,21871,355614,10715,30711,267123,45298,67523,360866,49026,410745,244755,2022-11-15T15:14:45.294000-05:00,25.2129793814433,52.58722680412371,100360_9606_705204,20221115_1513_agritech_batch2bfusmalljarmoldy_5_1trials,1,IAF-AGRITECH-BATCH2BFUSMALLJARMOLDY,727f8aac-5e86-4003-b96f-77b53ed655d3,exposure,moldy
70.0,1.0,12478,103910,29554,55727,223315,20558,134392,69332,194309,91135,155780,126979,12306,83256,6455,1462,60792,30204,105929,254412,179229,21868,355611,10700,30690,267054,45269,67341,359981,48926,410786,244582,2022-11-15T15:14:46.294000-05:00,25.210113636363637,52.473749999999995,100360_9606_705204,20221115_1513_agritech_batch2bfusmalljarmoldy_5_1trials,1,IAF-AGRITECH-BATCH2BFUSMALLJARMOLDY,727f8aac-5e86-4003-b96f-77b53ed655d3,exposure,moldy
71.0,1.0,12475,103868,29554,55712,223181,20558,134375,69342,194306,91112,155586,126617,12305,83238,6448,1464,60765,30200,106009,254383,179264,21863,355706,10681,30647,267032,45247,67132,359332,48834,410654,244558,2022-11-15T15:14:47.294000-05:00,25.193618556701033,52.35657731958763,100360_9606_705204,20221115_1513_agritech_batch2bfusmalljarmoldy_5_1trials,1,IAF-AGRITECH-BATCH2BFUSMALLJARMOLDY,727f8aac-5e86-4003-b96f-77b53ed655d3,exposure,moldy
72.0,1.0,12478,103829,29561,55699,223177,20551,134193,69339,194298,91108,155439,126179,12303,83225,6443,1463,60771,30197,106056,254411,179326,21864,355462,10662,30664,266925,45228,66950,358666,48729,410593,244560,2022-11-15T15:14:48.294000-05:00,25.203985355648534,52.23217573221757,100360_9606_705204,20221115_1513_agritech_batch2bfusmalljarmoldy_5_1trials,1,IAF-AGRITECH-BATCH2BFUSMALLJARMOLDY,727f8aac-5e86-4003-b96f-77b53ed655d3,exposure,moldy
73.0,1.0,12475,103784,29555,55706,223173,20542,134240,69360,194361,91097,155304,125728,12299,83251,6439,1464,60751,30191,106091,254346,179196,21868,355466,10644,30643,266834,45200,66776,357963,48649,410762,244595,2022-11-15T15:14:49.294000-05:00,25.21438596491228,52.10298245614035,100360_9606_705204,20221115_1513_agritech_batch2bfusmalljarmoldy_5_1trials,1,IAF-AGRITECH-BATCH2BFUSMALLJARMOLDY,727f8aac-5e86-4003-b96f-77b53ed655d3,exposure,moldy
74.0,1.0,12473,103758,29539,55688,223010,20541,134318,69354,194333,91062,155193,125485,12298,83245,6435,1463,60712,30180,106132,254423,179162,21865,355599,10624,30602,266718,45166,66586,357089,48589,410752,244610,2022-11-15T15:14:50.294000-05:00,25.210588235294118,51.96411764705883,100360_9606_705204,20221115_1513_agritech_batch2bfusmalljarmoldy_5_1trials,1,IAF-AGRITECH-BATCH2BFUSMALLJARMOLDY,727f8aac-5e86-4003-b96f-77b53ed655d3,exposure,moldy
75.0,1.0,12474,103756,29542,55676,223111,20539,134304,69320,194217,91028,155061,125309,12300,83228,6429,1461,60721,30169,106242,254437,179174,21863,355488,10601,30598,266645,45125,66391,356514,48493,410773,244492,2022-11-15T15:14:51.294000-05:00,25.19493236212279,51.82412070759625,100360_9606_705204,20221115_1513_agritech_batch2bfusmalljarmoldy_5_1trials,1,IAF-AGRITECH-BATCH2BFUSMALLJARMOLDY,727f8aac-5e86-4003-b96f-77b53ed655d3,exposure,moldy
76.0,1.0,12475,103758,29540,55675,223176,20537,134382,69306,194263,90992,154909,124898,12299,83141,6422,1461,60695,30172,106007,254347,179188,21859,355496,10581,30596,266610,45093,66198,355910,48403,410584,244473,2022-11-15T15:14:52.294000-05:00,25.184571723426213,51.68943240454077,100360_9606_705204,20221115_1513_agritech_batch2bfusmalljarmoldy_5_1trials,1,IAF-AGRITECH-BATCH2BFUSMALLJARMOLDY,727f8aac-5e86-4003-b96f-77b53ed655d3,exposure,moldy
77.0,1.0,12472,103703,29530,55628,223140,20535,134378,69299,194222,90976,154713,124516,12296,83144,6419,1462,60692,30176,106036,254300,179122,21846,355437,10562,30588,266540,45074,66007,355317,48277,410602,244508,2022-11-15T15:14:53.294000-05:00,25.185748194014447,51.55527347781218,100360_9606_705204,20221115_1513_agritech_batch2bfusmalljarmoldy_5_1trials,1,IAF-AGRITECH-BATCH2BFUSMALLJARMOLDY,727f8aac-5e86-4003-b96f-77b53ed655d3,exposure,moldy
78.0,1.0,12468,103641,29539,55600,223144,20530,134259,69266,194247,90955,154585,124263,12295,83189,6416,1461,60687,30168,106149,254303,179111,21844,355289,10541,30581,266489,45045,65814,354560,48153,410731,244407,2022-11-15T15:14:54.294000-05:00,25.19,51.42119587628866,100360_9606_705204,20221115_1513_agritech_batch2bfusmalljarmoldy_5_1trials,1,IAF-AGRITECH-BATCH2BFUSMALLJARMOLDY,727f8aac-5e86-4003-b96f-77b53ed655d3,exposure,moldy
79.0,1.0,12469,103620,29524,55568,223087,20530,134229,69285,194247,90937,154449,123840,12298,83128,6411,1462,60685,30159,106101,254319,179087,21840,355421,10518,30555,266532,45018,65650,353821,48052,410690,244364,2022-11-15T15:14:55.294000-05:00,25.19637770897833,51.274334365325075,100360_9606_705204,20221115_1513_agritech_batch2bfusmalljarmoldy_5_1trials,1,IAF-AGRITECH-BATCH2BFUSMALLJARMOLDY,727f8aac-5e86-4003-b96f-77b53ed655d3,exposure,moldy
80.0,1.0,12468,103583,29518,55577,223001,20528,134264,69284,194230,90906,154269,123413,12296,83138,6405,1463,60711,30160,106071,254297,179139,21837,355363,10500,30538,266503,44989,65475,353170,47935,410712,244304,2022-11-15T15:14:56.294000-05:00,25.18661855670103,51.126329896907215,100360_9606_705204,20221115_1513_agritech_batch2bfusmalljarmoldy_5_1trials,1,IAF-AGRITECH-BATCH2BFUSMALLJARMOLDY,727f8aac-5e86-4003-b96f-77b53ed655d3,exposure,moldy
81.0,1.0,12466,103524,29524,55577,223001,20520,134103,69255,194215,90856,154095,123089,12295,83213,6399,1462,60702,30152,105932,254353,179097,21840,355308,10477,30537,266421,44956,65273,352365,47783,410552,244242,2022-11-15T15:14:57.294000-05:00,25.19408713692946,50.981390041493775,100360_9606_705204,20221115_1513_agritech_batch2bfusmalljarmoldy_5_1trials,1,IAF-AGRITECH-BATCH2BFUSMALLJARMOLDY,727f8aac-5e86-4003-b96f-77b53ed655d3,exposure,moldy
82.0,1.0,12466,103494,29518,55561,222960,20516,133964,69249,194292,90827,153936,122818,12295,83216,6393,1462,60694,30143,105900,254369,179131,21834,355268,10452,30524,266333,44928,65063,351586,47647,410543,244299,2022-11-15T15:14:58.294000-05:00,25.2,50.8293759669933,100360_9606_705204,20221115_1513_agritech_batch2bfusmalljarmoldy_5_1trials,1,IAF-AGRITECH-BATCH2BFUSMALLJARMOLDY,727f8aac-5e86-4003-b96f-77b53ed655d3,exposure,moldy
83.0,1.0,12467,103477,29509,55547,222884,20513,133867,69251,194411,90808,153780,122558,12296,83189,6388,1462,60694,30136,105936,254350,179226,21823,355202,10427,30505,266240,44901,64853,350839,47524,410639,244393,2022-11-15T15:14:59.294000-05:00,25.2,50.67465703971119,100360_9606_705204,20221115_1513_agritech_batch2bfusmalljarmoldy_5_1trials,1,IAF-AGRITECH-BATCH2BFUSMALLJARMOLDY,727f8aac-5e86-4003-b96f-77b53ed655d3,exposure,moldy
84.0,1.0,12464,103412,29531,55491,222999,20509,134102,69253,194308,90791,153681,122132,12291,83072,6383,1464,60664,30133,105960,254230,179051,21825,355128,10411,30486,266165,44864,64657,350207,47449,410816,244346,2022-11-15T15:15:00.294000-05:00,25.2,50.52,100360_9606_705204,20221115_1513_agritech_batch2bfusmalljarmoldy_5_1trials,1,IAF-AGRITECH-BATCH2BFUSMALLJARMOLDY,727f8aac-5e86-4003-b96f-77b53ed655d3,exposure,moldy
85.0,1.0,12464,103326,29525,55522,222837,20508,134000,69266,194320,90789,153533,121707,12294,83122,6374,1462,60626,30133,106141,254172,179095,21815,355142,10383,30487,266262,44849,64483,349402,47342,410784,244412,2022-11-15T15:15:01.294000-05:00,25.191647668393784,50.38141968911917,100360_9606_705204,20221115_1513_agritech_batch2bfusmalljarmoldy_5_1trials,1,IAF-AGRITECH-BATCH2BFUSMALLJARMOLDY,727f8aac-5e86-4003-b96f-77b53ed655d3,exposure,moldy
86.0,1.0,12465,103313,29536,55494,222774,20501,134035,69255,194238,90745,153410,121238,12295,83086,6371,1460,60638,30131,105985,254208,179121,21824,355163,10370,30445,266242,44820,64287,348639,47232,410741,244444,2022-11-15T15:15:02.294000-05:00,25.207358101135192,50.23849329205366,100360_9606_705204,20221115_1513_agritech_batch2bfusmalljarmoldy_5_1trials,1,IAF-AGRITECH-BATCH2BFUSMALLJARMOLDY,727f8aac-5e86-4003-b96f-77b53ed655d3,exposure,moldy
87.0,1.0,12465,103308,29526,55480,222882,20494,134314,69231,194108,90739,153241,120829,12291,83063,6363,1461,60620,30108,105851,254252,179125,21817,355272,10342,30446,266126,44766,64065,348091,47105,410825,244352,2022-11-15T15:15:03.294000-05:00,25.192020618556704,50.07616494845361,100360_9606_705204,20221115_1513_agritech_batch2bfusmalljarmoldy_5_1trials,1,IAF-AGRITECH-BATCH2BFUSMALLJARMOLDY,727f8aac-5e86-4003-b96f-77b53ed655d3,exposure,moldy
88.0,1.0,12461,103235,29510,55472,222908,20491,134233,69275,194052,90725,153185,120448,12288,83104,6359,1461,60622,30109,105775,254259,179184,21816,355195,10324,30429,266057,44765,63864,347467,46977,410636,244292,2022-11-15T15:15:04.294000-05:00,25.19935684647303,49.93836099585062,100360_9606_705204,20221115_1513_agritech_batch2bfusmalljarmoldy_5_1trials,1,IAF-AGRITECH-BATCH2BFUSMALLJARMOLDY,727f8aac-5e86-4003-b96f-77b53ed655d3,exposure,moldy
89.0,1.0,12458,103223,29497,55445,222857,20488,134258,69290,194106,90686,153014,120162,12295,83082,6352,1463,60630,30101,105775,254101,179056,21814,355199,10302,30408,266077,44746,63706,346678,46881,410662,244259,2022-11-15T15:15:05.294000-05:00,25.18065979381443,49.78494845360825,100360_9606_705204,20221115_1513_agritech_batch2bfusmalljarmoldy_5_1trials,1,IAF-AGRITECH-BATCH2BFUSMALLJARMOLDY,727f8aac-5e86-4003-b96f-77b53ed655d3,exposure,moldy
90.0,1.0,12457,103121,29495,55450,222828,20483,134192,69259,194008,90610,152905,119703,12294,83033,6347,1463,60624,30101,105741,254211,178978,21811,355195,10279,30387,266032,44724,63570,346171,46774,410584,244276,2022-11-15T15:15:06.294000-05:00,25.18,49.64014447884417,100360_9606_705204,20221115_1513_agritech_batch2bfusmalljarmoldy_5_1trials,1,IAF-AGRITECH-BATCH2BFUSMALLJARMOLDY,727f8aac-5e86-4003-b96f-77b53ed655d3,exposure,moldy
91.0,1.0,12453,103147,29485,55403,222900,20486,134248,69255,193997,90663,152795,119121,12292,83091,6342,1462,60612,30081,105944,254254,179069,21806,355168,10260,30408,265880,44700,63353,345488,46616,410628,244027,2022-11-15T15:15:07.294000-05:00,25.151155830753353,49.47682146542827,100360_9606_705204,20221115_1513_agritech_batch2bfusmalljarmoldy_5_1trials,1,IAF-AGRITECH-BATCH2BFUSMALLJARMOLDY,727f8aac-5e86-4003-b96f-77b53ed655d3,exposure,moldy
92.0,1.0,12452,103069,29479,55423,222877,20483,134266,69238,193925,90632,152653,119009,12291,82965,6338,1461,60577,30076,106304,254260,179128,21806,355197,10241,30397,266000,44670,63150,344549,46553,410932,244028,2022-11-15T15:15:08.294000-05:00,25.19,49.36148453608247,100360_9606_705204,20221115_1513_agritech_batch2bfusmalljarmoldy_5_1trials,1,IAF-AGRITECH-BATCH2BFUSMALLJARMOLDY,727f8aac-5e86-4003-b96f-77b53ed655d3,exposure,moldy
93.0,1.0,12454,103026,29490,55378,222806,20484,134103,69207,193950,90598,152484,118770,12292,83043,6332,1462,60602,30071,106074,254241,178945,21814,354940,10213,30431,265840,44653,63001,344015,46444,411034,244120,2022-11-15T15:15:09.294000-05:00,25.1890805785124,49.21620867768595,100360_9606_705204,20221115_1513_agritech_batch2bfusmalljarmoldy_5_1trials,1,IAF-AGRITECH-BATCH2BFUSMALLJARMOLDY,727f8aac-5e86-4003-b96f-77b53ed655d3,exposure,moldy
94.0,1.0,12454,103017,29467,55383,222802,20478,134373,69166,193926,90570,152394,118240,12290,83049,6328,1462,60568,30073,105853,254268,179252,21805,355099,10197,30408,265764,44625,62772,343584,46343,410637,244013,2022-11-15T15:15:10.294000-05:00,25.18,49.06489073881374,100360_9606_705204,20221115_1513_agritech_batch2bfusmalljarmoldy_5_1trials,1,IAF-AGRITECH-BATCH2BFUSMALLJARMOLDY,727f8aac-5e86-4003-b96f-77b53ed655d3,exposure,moldy
95.0,1.0,12453,103013,29486,55351,222801,20468,134274,69216,193911,90538,152249,117823,12291,82969,6322,1461,60599,30087,105986,254190,178990,21819,354881,10180,30381,265667,44614,62624,343161,46221,410674,244081,2022-11-15T15:15:11.294000-05:00,25.181651186790507,48.93853457172343,100360_9606_705204,20221115_1513_agritech_batch2bfusmalljarmoldy_5_1trials,1,IAF-AGRITECH-BATCH2BFUSMALLJARMOLDY,727f8aac-5e86-4003-b96f-77b53ed655d3,exposure,moldy
96.0,1.0,12452,102922,29472,55263,222778,20467,134189,69205,193888,90523,152176,117458,12287,82990,6320,1461,60600,30071,105554,254175,179125,21810,355099,10159,30361,265778,44588,62461,342252,46121,410860,244021,2022-11-15T15:15:12.294000-05:00,25.186061855670104,48.80046391752577,100360_9606_705204,20221115_1513_agritech_batch2bfusmalljarmoldy_5_1trials,1,IAF-AGRITECH-BATCH2BFUSMALLJARMOLDY,727f8aac-5e86-4003-b96f-77b53ed655d3,exposure,moldy
97.0,1.0,12450,102896,29461,55280,222838,20468,134186,69172,193908,90506,151873,117083,12291,82822,6315,1463,60573,30060,105444,254182,179271,21808,354999,10142,30354,265706,44528,62306,341784,46042,410692,244106,2022-11-15T15:15:13.294000-05:00,25.17228070175439,48.650350877192984,100360_9606_705204,20221115_1513_agritech_batch2bfusmalljarmoldy_5_1trials,1,IAF-AGRITECH-BATCH2BFUSMALLJARMOLDY,727f8aac-5e86-4003-b96f-77b53ed655d3,exposure,moldy
98.0,1.0,12448,102880,29469,55276,222824,20467,134240,69148,193851,90505,151754,116850,12290,82814,6311,1461,60550,30056,105344,254194,179291,21802,355004,10119,30369,265769,44513,62191,341397,45937,410620,244102,2022-11-15T15:15:14.294000-05:00,25.18259793814433,48.51622680412371,100360_9606_705204,20221115_1513_agritech_batch2bfusmalljarmoldy_5_1trials,1,IAF-AGRITECH-BATCH2BFUSMALLJARMOLDY,727f8aac-5e86-4003-b96f-77b53ed655d3,exposure,moldy
99.0,1.0,12445,102791,29472,55252,222611,20454,134095,69219,193891,90496,151639,116440,12287,82817,6306,1460,60554,30054,105525,254088,179383,21792,354781,10093,30357,265676,44508,62016,340625,45811,410762,243951,2022-11-15T15:15:15.294000-05:00,25.18417956656347,48.37925696594427,100360_9606_705204,20221115_1513_agritech_batch2bfusmalljarmoldy_5_1trials,1,IAF-AGRITECH-BATCH2BFUSMALLJARMOLDY,727f8aac-5e86-4003-b96f-77b53ed655d3,exposure,moldy
100.0,1.0,12445,102790,29478,55231,222625,20456,134135,69206,193904,90462,151562,115966,12285,82885,6301,1458,60558,30050,105660,253957,179325,21794,354624,10073,30334,265659,44480,61837,340072,45746,410735,243963,2022-11-15T15:15:16.294000-05:00,25.17,48.241278350515465,100360_9606_705204,20221115_1513_agritech_batch2bfusmalljarmoldy_5_1trials,1,IAF-AGRITECH-BATCH2BFUSMALLJARMOLDY,727f8aac-5e86-4003-b96f-77b53ed655d3,exposure,moldy
101.0,1.0,12444,102755,29487,55218,222582,20457,134002,69195,193872,90414,151435,115636,12285,82872,6297,1460,60542,30053,105766,254019,179190,21797,354677,10057,30324,265697,44449,61700,339354,45675,410551,243979,2022-11-15T15:15:17.294000-05:00,25.177072164948456,48.1211030927835,100360_9606_705204,20221115_1513_agritech_batch2bfusmalljarmoldy_5_1trials,1,IAF-AGRITECH-BATCH2BFUSMALLJARMOLDY,727f8aac-5e86-4003-b96f-77b53ed655d3,exposure,moldy
102.0,1.0,12443,102715,29472,55192,222600,20453,133921,69177,193765,90383,151299,115301,12283,82820,6294,1458,60534,30035,105804,254008,179125,21797,354708,10040,30302,265663,44444,61548,338964,45557,410464,244007,2022-11-15T15:15:18.294000-05:00,25.1938733125649,47.99964693665628,100360_9606_705204,20221115_1513_agritech_batch2bfusmalljarmoldy_5_1trials,1,IAF-AGRITECH-BATCH2BFUSMALLJARMOLDY,727f8aac-5e86-4003-b96f-77b53ed655d3,exposure,moldy
103.0,1.0,12441,102692,29476,55153,222607,20451,133978,69189,193747,90367,151218,114945,12284,82844,6287,1459,60522,30027,105667,254033,179133,21791,354675,10022,30280,265610,44429,61386,338633,45457,410482,243990,2022-11-15T15:15:19.294000-05:00,25.19155509783728,47.86510813594233,100360_9606_705204,20221115_1513_agritech_batch2bfusmalljarmoldy_5_1trials,1,IAF-AGRITECH-BATCH2BFUSMALLJARMOLDY,727f8aac-5e86-4003-b96f-77b53ed655d3,exposure,moldy
104.0,1.0,12439,102674,29493,55142,222554,20450,133934,69178,193828,90345,151106,114646,12284,82812,6281,1460,60525,30027,105487,254006,179025,21787,354804,10004,30273,265538,44406,61229,338122,45369,410794,244014,2022-11-15T15:15:20.294000-05:00,25.1709391124871,47.7265737874097,100360_9606_705204,20221115_1513_agritech_batch2bfusmalljarmoldy_5_1trials,1,IAF-AGRITECH-BATCH2BFUSMALLJARMOLDY,727f8aac-5e86-4003-b96f-77b53ed655d3,exposure,moldy
105.0,1.0,12440,102657,29484,55127,222561,20448,133827,69198,193859,90305,150966,114215,12284,82771,6276,1460,60529,30035,105515,253953,178885,21783,354887,9985,30288,265446,44401,61045,337604,45275,410726,244017,2022-11-15T15:15:21.294000-05:00,25.16,47.59670103092783,100360_9606_705204,20221115_1513_agritech_batch2bfusmalljarmoldy_5_1trials,1,IAF-AGRITECH-BATCH2BFUSMALLJARMOLDY,727f8aac-5e86-4003-b96f-77b53ed655d3,exposure,moldy
106.0,1.0,12439,102597,29476,55108,222505,20442,133824,69183,193806,90291,150788,113692,12283,82743,6275,1462,60498,30028,105673,253831,178950,21777,354819,9970,30267,265457,44387,60876,337101,45185,410513,243913,2022-11-15T15:15:22.294000-05:00,25.180682523267837,47.49346432264736,100360_9606_705204,20221115_1513_agritech_batch2bfusmalljarmoldy_5_1trials,1,IAF-AGRITECH-BATCH2BFUSMALLJARMOLDY,727f8aac-5e86-4003-b96f-77b53ed655d3,exposure,moldy
107.0,1.0,12439,102518,29479,55087,222540,20438,133915,69169,193758,90268,150659,113322,12284,82687,6273,1461,60511,30012,105602,253793,178985,21775,354712,9951,30243,265526,44360,60750,336855,45088,410621,243964,2022-11-15T15:15:23.294000-05:00,25.1780658436214,47.37871399176955,100360_9606_705204,20221115_1513_agritech_batch2bfusmalljarmoldy_5_1trials,1,IAF-AGRITECH-BATCH2BFUSMALLJARMOLDY,727f8aac-5e86-4003-b96f-77b53ed655d3,exposure,moldy
108.0,1.0,12439,102498,29486,55081,222615,20433,134060,69138,193743,90219,150509,112986,12284,82715,6270,1462,60530,30011,105436,253815,179070,21777,354636,9932,30237,265508,44349,60645,336508,45024,410702,244086,2022-11-15T15:15:24.294000-05:00,25.16578947368421,47.26210526315789,100360_9606_705204,20221115_1513_agritech_batch2bfusmalljarmoldy_5_1trials,1,IAF-AGRITECH-BATCH2BFUSMALLJARMOLDY,727f8aac-5e86-4003-b96f-77b53ed655d3,exposure,moldy
109.0,1.0,12439,102478,29494,55065,222626,20431,134156,69160,193794,90213,150404,112596,12281,82733,6263,1463,60505,30015,105417,253879,179105,21782,354639,9917,30201,265405,44316,60512,336053,44919,410725,244061,2022-11-15T15:15:25.294000-05:00,25.163884297520664,47.146611570247934,100360_9606_705204,20221115_1513_agritech_batch2bfusmalljarmoldy_5_1trials,1,IAF-AGRITECH-BATCH2BFUSMALLJARMOLDY,727f8aac-5e86-4003-b96f-77b53ed655d3,exposure,moldy
110.0,1.0,12437,102435,29484,55047,222561,20429,134215,69192,193758,90190,150297,112229,12279,82724,6257,1462,60509,30017,105467,253911,179042,21784,354649,9902,30190,265316,44280,60363,335519,44808,410755,243964,2022-11-15T15:15:26.294000-05:00,25.166436307374937,47.035636926250646,100360_9606_705204,20221115_1513_agritech_batch2bfusmalljarmoldy_5_1trials,1,IAF-AGRITECH-BATCH2BFUSMALLJARMOLDY,727f8aac-5e86-4003-b96f-77b53ed655d3,exposure,moldy
111.0,1.0,12434,102396,29463,55030,222494,20422,134280,69205,193659,90139,150153,111881,12277,82736,6252,1461,60540,30017,105531,253909,178969,21784,354623,9888,30204,265265,44254,60220,334909,44719,410738,243858,2022-11-15T15:15:27.294000-05:00,25.176750902527075,46.93249097472924,100360_9606_705204,20221115_1513_agritech_batch2bfusmalljarmoldy_5_1trials,1,IAF-AGRITECH-BATCH2BFUSMALLJARMOLDY,727f8aac-5e86-4003-b96f-77b53ed655d3,exposure,moldy
112.0,1.0,12434,102401,29477,54998,222590,20422,134172,69182,193608,90118,150102,111534,12276,82710,6248,1459,60533,30012,105370,253837,178839,21776,354497,9873,30198,265324,44242,60086,334596,44658,410613,243828,2022-11-15T15:15:28.294000-05:00,25.165876288659796,46.82231958762886,100360_9606_705204,20221115_1513_agritech_batch2bfusmalljarmoldy_5_1trials,1,IAF-AGRITECH-BATCH2BFUSMALLJARMOLDY,727f8aac-5e86-4003-b96f-77b53ed655d3,exposure,moldy
113.0,1.0,12432,102341,29474,54980,222611,20423,134104,69183,193608,90105,150023,111315,12276,82695,6247,1459,60532,30006,105242,253892,178878,21771,354666,9841,30069,264491,43946,58393,328904,43381,410445,243533,2022-11-15T15:15:29.294000-05:00,25.137886597938145,46.70154639175258,100360_9606_705204,20221115_1513_agritech_batch2bfusmalljarmoldy_5_1trials,1,IAF-AGRITECH-BATCH2BFUSMALLJARMOLDY,727f8aac-5e86-4003-b96f-77b53ed655d3,exposure,moldy
114.0,1.0,12420,101839,29453,54853,222419,20352,134130,69111,193371,89535,147773,100562,12243,82120,6177,1460,60405,29809,105037,253631,178360,21709,353645,9655,29750,263340,43356,55050,319330,41634,410024,243184,2022-11-15T15:15:30.294000-05:00,25.13,45.989917012448124,100360_9606_705204,20221115_1513_agritech_batch2bfusmalljarmoldy_5_1trials,1,IAF-AGRITECH-BATCH2BFUSMALLJARMOLDY,727f8aac-5e86-4003-b96f-77b53ed655d3,exposure,moldy
115.0,1.0,12395,101113,29436,54542,222165,20296,134159,68984,193149,89136,146059,87311,12232,81893,6123,1461,60350,29758,104737,253499,178308,21687,353446,9521,29622,263211,43187,53851,315952,41047,409944,242958,2022-11-15T15:15:31.294000-05:00,25.138059855521156,44.62938080495356,100360_9606_705204,20221115_1513_agritech_batch2bfusmalljarmoldy_5_1trials,1,IAF-AGRITECH-BATCH2BFUSMALLJARMOLDY,727f8aac-5e86-4003-b96f-77b53ed655d3,exposure,moldy
116.0,1.0,12390,100837,29444,54284,222019,20277,134045,68978,192968,88987,145473,81383,12227,81731,6089,1459,60320,29744,104727,253458,178284,21683,353209,9442,29582,262911,43100,53281,314262,40713,409868,242762,2022-11-15T15:15:32.294000-05:00,25.156759545923634,43.30252837977296,100360_9606_705204,20221115_1513_agritech_batch2bfusmalljarmoldy_5_1trials,1,IAF-AGRITECH-BATCH2BFUSMALLJARMOLDY,727f8aac-5e86-4003-b96f-77b53ed655d3,exposure,moldy
117.0,1.0,12383,100730,29439,54053,221974,20267,133835,68902,192886,88890,145068,78241,12233,81262,6066,1459,60289,29753,104523,253301,178071,21684,353064,9376,29490,263022,43078,52920,312986,40478,409858,242637,2022-11-15T15:15:33.294000-05:00,25.151300309597524,42.16913312693499,100360_9606_705204,20221115_1513_agritech_batch2bfusmalljarmoldy_5_1trials,1,IAF-AGRITECH-BATCH2BFUSMALLJARMOLDY,727f8aac-5e86-4003-b96f-77b53ed655d3,exposure,moldy
118.0,1.0,12380,100592,29448,53952,222059,20262,133905,69002,192764,88799,144735,76390,12229,81590,6048,1460,60260,29737,104674,253361,178227,21678,353170,9322,29514,263089,43082,52769,312697,40399,409676,242808,2022-11-15T15:15:34.294000-05:00,25.131979381443298,41.273134020618556,100360_9606_705204,20221115_1513_agritech_batch2bfusmalljarmoldy_5_1trials,1,IAF-AGRITECH-BATCH2BFUSMALLJARMOLDY,727f8aac-5e86-4003-b96f-77b53ed655d3,exposure,moldy
119.0,1.0,12382,100542,29457,53892,222085,20261,134071,68984,192895,88750,144570,75407,12229,81509,6034,1460,60210,29753,104732,253230,178215,21672,353153,9280,29491,262982,43039,52623,312177,40279,410093,242837,2022-11-15T15:15:35.294000-05:00,25.15798761609907,40.620918472652214,100360_9606_705204,20221115_1513_agritech_batch2bfusmalljarmoldy_5_1trials,1,IAF-AGRITECH-BATCH2BFUSMALLJARMOLDY,727f8aac-5e86-4003-b96f-77b53ed655d3,exposure,moldy
120.0,1.0,12375,100452,29437,53898,221921,20261,133782,68966,192864,88715,144455,74492,12229,81246,6024,1457,60196,29752,104872,253209,178199,21672,352821,9240,29480,263012,43034,52446,311532,40158,409822,242909,2022-11-15T15:15:36.294000-05:00,25.140701754385965,40.10719298245615,100360_9606_705204,20221115_1513_agritech_batch2bfusmalljarmoldy_5_1trials,1,IAF-AGRITECH-BATCH2BFUSMALLJARMOLDY,727f8aac-5e86-4003-b96f-77b53ed655d3,recovery,moldy
121.0,1.0,12381,100449,29441,53698,222018,20257,133964,69004,192869,88670,144249,73780,12229,81316,6017,1457,60194,29734,104774,253183,178618,21672,352891,9210,29452,262896,42986,52289,311047,40065,410148,242749,2022-11-15T15:15:37.294000-05:00,25.14,39.67173195876289,100360_9606_705204,20221115_1513_agritech_batch2bfusmalljarmoldy_5_1trials,1,IAF-AGRITECH-BATCH2BFUSMALLJARMOLDY,727f8aac-5e86-4003-b96f-77b53ed655d3,recovery,moldy
122.0,1.0,12379,100368,29452,53741,221891,20257,134029,68972,192817,88643,144131,73130,12225,81386,6008,1460,60190,29742,104994,253166,178505,21678,352846,9181,29432,263035,42998,52151,310646,39954,409977,242832,2022-11-15T15:15:38.294000-05:00,25.130279792746112,39.35300518134715,100360_9606_705204,20221115_1513_agritech_batch2bfusmalljarmoldy_5_1trials,1,IAF-AGRITECH-BATCH2BFUSMALLJARMOLDY,727f8aac-5e86-4003-b96f-77b53ed655d3,recovery,moldy
123.0,1.0,12376,100327,29444,53647,222025,20251,134159,68949,192815,88620,143922,72622,12225,81423,6004,1460,60199,29730,105049,253052,178474,21670,352986,9155,29414,263003,42959,52066,310161,39892,409787,242779,2022-11-15T15:15:39.294000-05:00,25.141279669762643,39.09528379772962,100360_9606_705204,20221115_1513_agritech_batch2bfusmalljarmoldy_5_1trials,1,IAF-AGRITECH-BATCH2BFUSMALLJARMOLDY,727f8aac-5e86-4003-b96f-77b53ed655d3,recovery,moldy
124.0,1.0,12371,100358,29445,53536,222096,20249,133914,68964,192835,88623,143829,72153,12223,81306,5996,1461,60224,29735,104841,253135,178502,21666,352750,9127,29410,263035,42964,51986,309863,39816,410047,242711,2022-11-15T15:15:40.294000-05:00,25.157120743034056,38.8646439628483,100360_9606_705204,20221115_1513_agritech_batch2bfusmalljarmoldy_5_1trials,1,IAF-AGRITECH-BATCH2BFUSMALLJARMOLDY,727f8aac-5e86-4003-b96f-77b53ed655d3,recovery,moldy
125.0,1.0,12374,100285,29438,53521,221942,20252,133907,68933,192805,88592,143701,71803,12229,81265,5985,1460,60215,29736,105035,253081,178252,21678,352790,9105,29377,262965,42946,51921,309446,39760,409931,242708,2022-11-15T15:15:41.294000-05:00,25.132554067971164,38.70212152420185,100360_9606_705204,20221115_1513_agritech_batch2bfusmalljarmoldy_5_1trials,1,IAF-AGRITECH-BATCH2BFUSMALLJARMOLDY,727f8aac-5e86-4003-b96f-77b53ed655d3,recovery,moldy
126.0,1.0,12372,100288,29456,53495,221832,20255,133950,68986,192872,88559,143544,71478,12228,81299,5977,1459,60162,29737,105056,253021,178355,21685,352507,9079,29381,262977,42940,51861,309361,39694,409602,242686,2022-11-15T15:15:42.294000-05:00,25.148421052631576,38.5578947368421,100360_9606_705204,20221115_1513_agritech_batch2bfusmalljarmoldy_5_1trials,1,IAF-AGRITECH-BATCH2BFUSMALLJARMOLDY,727f8aac-5e86-4003-b96f-77b53ed655d3,recovery,moldy
127.0,1.0,12367,100226,29447,53444,221989,20253,133859,68936,192814,88540,143464,71147,12228,81334,5975,1456,60197,29740,105050,252913,178393,21686,352754,9066,29398,262978,42930,51799,309150,39638,409936,242683,2022-11-15T15:15:43.294000-05:00,25.14,38.426721649484534,100360_9606_705204,20221115_1513_agritech_batch2bfusmalljarmoldy_5_1trials,1,IAF-AGRITECH-BATCH2BFUSMALLJARMOLDY,727f8aac-5e86-4003-b96f-77b53ed655d3,recovery,moldy
128.0,1.0,12371,100213,29417,53475,221805,20259,133982,68933,192775,88539,143284,70929,12228,81428,5971,1461,60198,29736,104914,252940,178417,21675,352679,9048,29384,263041,42907,51776,308781,39586,409953,242536,2022-11-15T15:15:44.294000-05:00,25.14,38.35233230134159,100360_9606_705204,20221115_1513_agritech_batch2bfusmalljarmoldy_5_1trials,1,IAF-AGRITECH-BATCH2BFUSMALLJARMOLDY,727f8aac-5e86-4003-b96f-77b53ed655d3,recovery,moldy
129.0,1.0,12372,100204,29435,53433,221927,20253,133972,68952,192838,88525,143315,70741,12226,81398,5966,1458,60186,29735,104851,253053,178487,21685,352637,9036,29349,262994,42906,51701,308745,39531,409807,242580,2022-11-15T15:15:45.294000-05:00,25.137474226804123,38.26979381443299,100360_9606_705204,20221115_1513_agritech_batch2bfusmalljarmoldy_5_1trials,1,IAF-AGRITECH-BATCH2BFUSMALLJARMOLDY,727f8aac-5e86-4003-b96f-77b53ed655d3,recovery,moldy
130.0,1.0,12371,100173,29435,53353,221934,20249,133935,68921,192756,88506,143188,70548,12227,81291,5961,1457,60196,29732,104825,252938,178436,21669,352703,9016,29372,262944,42917,51639,308570,39470,409845,242536,2022-11-15T15:15:46.294000-05:00,25.13283505154639,38.192989690721646,100360_9606_705204,20221115_1513_agritech_batch2bfusmalljarmoldy_5_1trials,1,IAF-AGRITECH-BATCH2BFUSMALLJARMOLDY,727f8aac-5e86-4003-b96f-77b53ed655d3,recovery,moldy
131.0,1.0,12370,100156,29434,53335,221952,20248,133633,68886,192715,88497,143143,70320,12227,81301,5957,1457,60180,29736,104881,252928,178566,21667,352623,8996,29367,263028,42904,51603,308386,39430,409865,242524,2022-11-15T15:15:47.294000-05:00,25.14,38.13727841501564,100360_9606_705204,20221115_1513_agritech_batch2bfusmalljarmoldy_5_1trials,1,IAF-AGRITECH-BATCH2BFUSMALLJARMOLDY,727f8aac-5e86-4003-b96f-77b53ed655d3,recovery,moldy
132.0,1.0,12368,100180,29444,53276,221930,20247,133596,68935,192751,88487,143106,70170,12230,81296,5953,1459,60184,29727,104811,252878,178497,21671,352636,8974,29340,262978,42895,51563,308214,39397,409869,242527,2022-11-15T15:15:48.294000-05:00,25.14,38.09573195876288,100360_9606_705204,20221115_1513_agritech_batch2bfusmalljarmoldy_5_1trials,1,IAF-AGRITECH-BATCH2BFUSMALLJARMOLDY,727f8aac-5e86-4003-b96f-77b53ed655d3,recovery,moldy
133.0,1.0,12369,100140,29441,53216,221870,20247,133668,68903,192765,88484,143021,70041,12228,81270,5950,1457,60207,29733,104626,252917,178344,21682,352605,8962,29327,262885,42904,51513,308098,39379,409952,242596,2022-11-15T15:15:49.294000-05:00,25.14,38.054478844169246,100360_9606_705204,20221115_1513_agritech_batch2bfusmalljarmoldy_5_1trials,1,IAF-AGRITECH-BATCH2BFUSMALLJARMOLDY,727f8aac-5e86-4003-b96f-77b53ed655d3,recovery,moldy
134.0,1.0,12367,100157,29431,53184,221923,20244,133656,68908,192720,88470,142944,69909,12227,81317,5947,1457,60195,29733,104830,252863,178434,21688,352463,8954,29318,262884,42907,51474,307754,39360,409846,242586,2022-11-15T15:15:50.294000-05:00,25.14419587628866,38.02160824742268,100360_9606_705204,20221115_1513_agritech_batch2bfusmalljarmoldy_5_1trials,1,IAF-AGRITECH-BATCH2BFUSMALLJARMOLDY,727f8aac-5e86-4003-b96f-77b53ed655d3,recovery,moldy
135.0,1.0,12365,100108,29426,53148,221864,20244,133707,68926,192673,88450,142853,69793,12226,81401,5944,1457,60191,29731,104790,252822,178496,21670,352358,8943,29316,262924,42905,51457,307601,39310,409837,242610,2022-11-15T15:15:51.294000-05:00,25.140943005181345,37.98282901554404,100360_9606_705204,20221115_1513_agritech_batch2bfusmalljarmoldy_5_1trials,1,IAF-AGRITECH-BATCH2BFUSMALLJARMOLDY,727f8aac-5e86-4003-b96f-77b53ed655d3,recovery,moldy
136.0,1.0,12364,100072,29425,53116,221892,20242,133648,68873,192690,88449,142800,69645,12227,81378,5942,1458,60182,29736,104579,252855,178235,21667,352265,8933,29305,262950,42882,51413,307607,39290,409752,242590,2022-11-15T15:15:52.294000-05:00,25.134871001031993,37.940257997936015,100360_9606_705204,20221115_1513_agritech_batch2bfusmalljarmoldy_5_1trials,1,IAF-AGRITECH-BATCH2BFUSMALLJARMOLDY,727f8aac-5e86-4003-b96f-77b53ed655d3,recovery,moldy
137.0,1.0,12366,100073,29438,53088,221943,20243,133629,68864,192693,88445,142713,69540,12227,81276,5941,1461,60185,29740,104477,252927,178192,21666,352304,8923,29297,262911,42865,51380,307552,39264,409737,242627,2022-11-15T15:15:53.294000-05:00,25.134760416666666,37.90380208333333,100360_9606_705204,20221115_1513_agritech_batch2bfusmalljarmoldy_5_1trials,1,IAF-AGRITECH-BATCH2BFUSMALLJARMOLDY,727f8aac-5e86-4003-b96f-77b53ed655d3,recovery,moldy
138.0,1.0,12366,100048,29450,53064,221908,20242,133635,68862,192697,88435,142624,69434,12227,81242,5938,1460,60186,29741,104496,252924,178230,21663,352317,8913,29297,262861,42857,51352,307439,39225,409677,242621,2022-11-15T15:15:54.294000-05:00,25.13,37.86870514820593,100360_9606_705204,20221115_1513_agritech_batch2bfusmalljarmoldy_5_1trials,1,IAF-AGRITECH-BATCH2BFUSMALLJARMOLDY,727f8aac-5e86-4003-b96f-77b53ed655d3,recovery,moldy
139.0,1.0,12365,100040,29460,53051,221837,20240,133681,68838,192667,88424,142581,69321,12228,81231,5934,1458,60178,29746,104723,252944,178256,21661,352295,8904,29279,262875,42859,51329,307363,39195,409766,242497,2022-11-15T15:15:55.294000-05:00,25.13,37.84790431617265,100360_9606_705204,20221115_1513_agritech_batch2bfusmalljarmoldy_5_1trials,1,IAF-AGRITECH-BATCH2BFUSMALLJARMOLDY,727f8aac-5e86-4003-b96f-77b53ed655d3,recovery,moldy
140.0,1.0,12361,100045,29449,53056,221838,20243,133753,68844,192689,88425,142589,69219,12229,81135,5931,1459,60199,29745,104707,252965,178505,21666,352345,8892,29291,262786,42863,51301,307414,39176,409766,242447,2022-11-15T15:15:56.294000-05:00,25.12360824742268,37.83360824742268,100360_9606_705204,20221115_1513_agritech_batch2bfusmalljarmoldy_5_1trials,1,IAF-AGRITECH-BATCH2BFUSMALLJARMOLDY,727f8aac-5e86-4003-b96f-77b53ed655d3,recovery,moldy
141.0,1.0,12363,100011,29459,53069,221877,20243,133802,68849,192710,88423,142602,69153,12230,81134,5931,1457,60221,29749,104688,252871,178564,21673,352208,8880,29302,262881,42862,51274,307337,39144,409715,242310,2022-11-15T15:15:57.294000-05:00,25.10658410732714,37.82329205366357,100360_9606_705204,20221115_1513_agritech_batch2bfusmalljarmoldy_5_1trials,1,IAF-AGRITECH-BATCH2BFUSMALLJARMOLDY,727f8aac-5e86-4003-b96f-77b53ed655d3,recovery,moldy
142.0,1.0,12363,100007,29438,53052,221810,20246,133757,68833,192670,88425,142505,69097,12228,81159,5929,1458,60218,29752,104770,252889,178451,21662,352154,8869,29311,262844,42860,51258,307241,39123,409560,242222,2022-11-15T15:15:58.294000-05:00,25.121061855670103,37.8129793814433,100360_9606_705204,20221115_1513_agritech_batch2bfusmalljarmoldy_5_1trials,1,IAF-AGRITECH-BATCH2BFUSMALLJARMOLDY,727f8aac-5e86-4003-b96f-77b53ed655d3,recovery,moldy
143.0,1.0,12363,99978,29451,53000,221735,20246,133809,68869,192678,88421,142439,69033,12228,81203,5927,1458,60226,29743,104699,252863,178292,21659,352138,8860,29305,262837,42854,51218,307093,39112,409545,242275,2022-11-15T15:15:59.294000-05:00,25.13,37.78801030927835,100360_9606_705204,20221115_1513_agritech_batch2bfusmalljarmoldy_5_1trials,1,IAF-AGRITECH-BATCH2BFUSMALLJARMOLDY,727f8aac-5e86-4003-b96f-77b53ed655d3,recovery,moldy
144.0,1.0,12361,99990,29468,52959,221782,20245,133819,68874,192716,88403,142381,68933,12230,81098,5924,1458,60235,29741,104533,252954,178444,21656,352150,8856,29320,262830,42842,51188,307175,39091,409734,242368,2022-11-15T15:16:00.294000-05:00,25.12236082474227,37.764721649484535,100360_9606_705204,20221115_1513_agritech_batch2bfusmalljarmoldy_5_1trials,1,IAF-AGRITECH-BATCH2BFUSMALLJARMOLDY,727f8aac-5e86-4003-b96f-77b53ed655d3,recovery,moldy
145.0,1.0,12366,99969,29448,52963,221883,20241,133633,68907,192754,88399,142334,68872,12227,80932,5924,1459,60236,29729,104749,252956,178458,21658,352179,8850,29335,262768,42843,51140,306886,39068,409827,242266,2022-11-15T15:16:01.294000-05:00,25.1359133126935,37.744086687306506,100360_9606_705204,20221115_1513_agritech_batch2bfusmalljarmoldy_5_1trials,1,IAF-AGRITECH-BATCH2BFUSMALLJARMOLDY,727f8aac-5e86-4003-b96f-77b53ed655d3,recovery,moldy
146.0,1.0,12366,100000,29425,52921,221889,20246,133703,68901,192675,88393,142247,68793,12226,80989,5922,1456,60209,29733,104707,252786,178221,21661,352252,8844,29293,262856,42852,51127,306611,39030,409833,242182,2022-11-15T15:16:02.294000-05:00,25.131731958762884,37.72346391752577,100360_9606_705204,20221115_1513_agritech_batch2bfusmalljarmoldy_5_1trials,1,IAF-AGRITECH-BATCH2BFUSMALLJARMOLDY,727f8aac-5e86-4003-b96f-77b53ed655d3,recovery,moldy
147.0,1.0,12364,99996,29452,52922,221693,20244,133764,68905,192709,88358,142222,68736,12225,81048,5917,1456,60213,29741,104485,252734,178186,21652,352323,8832,29310,262940,42836,51120,306562,39010,409497,242200,2022-11-15T15:16:03.294000-05:00,25.121324296141815,37.71132429614182,100360_9606_705204,20221115_1513_agritech_batch2bfusmalljarmoldy_5_1trials,1,IAF-AGRITECH-BATCH2BFUSMALLJARMOLDY,727f8aac-5e86-4003-b96f-77b53ed655d3,recovery,moldy
148.0,1.0,12364,99965,29442,52916,221762,20246,133697,68910,192650,88363,142187,68679,12226,81228,5916,1457,60221,29736,104880,252743,178271,21663,352444,8826,29296,262831,42837,51093,306381,38987,409593,242184,2022-11-15T15:16:04.294000-05:00,25.12905601659751,37.70094398340249,100360_9606_705204,20221115_1513_agritech_batch2bfusmalljarmoldy_5_1trials,1,IAF-AGRITECH-BATCH2BFUSMALLJARMOLDY,727f8aac-5e86-4003-b96f-77b53ed655d3,recovery,moldy
149.0,1.0,12364,99990,29437,52858,221725,20244,133725,68898,192683,88344,142073,68575,12230,81072,5915,1458,60184,29736,104613,252712,178191,21665,352454,8814,29301,262791,42827,51091,306217,38951,409605,242295,2022-11-15T15:16:05.294000-05:00,25.13,37.67188659793815,100360_9606_705204,20221115_1513_agritech_batch2bfusmalljarmoldy_5_1trials,1,IAF-AGRITECH-BATCH2BFUSMALLJARMOLDY,727f8aac-5e86-4003-b96f-77b53ed655d3,recovery,moldy
150.0,1.0,12365,99945,29468,52842,221671,20244,133716,68873,192678,88360,142057,68483,12227,81000,5913,1456,60154,29743,104871,252883,178105,21655,352118,8813,29298,262781,42823,51064,306018,38936,409541,242424,2022-11-15T15:16:06.294000-05:00,25.120319587628867,37.66031958762886,100360_9606_705204,20221115_1513_agritech_batch2bfusmalljarmoldy_5_1trials,1,IAF-AGRITECH-BATCH2BFUSMALLJARMOLDY,727f8aac-5e86-4003-b96f-77b53ed655d3,recovery,moldy
151.0,1.0,12361,99890,29425,52813,221785,20248,133644,68867,192729,88345,142012,68445,12228,80862,5916,1459,60194,29737,104829,252806,178441,21644,352131,8804,29303,262702,42820,51033,305747,38918,409568,242226,2022-11-15T15:16:07.294000-05:00,25.1,37.62,100360_9606_705204,20221115_1513_agritech_batch2bfusmalljarmoldy_5_1trials,1,IAF-AGRITECH-BATCH2BFUSMALLJARMOLDY,727f8aac-5e86-4003-b96f-77b53ed655d3,recovery,moldy
152.0,1.0,12364,99963,29450,52784,221686,20236,133589,68856,192663,88352,142125,68365,12228,80827,5911,1458,60207,29742,104768,252857,178554,21648,352047,8799,29308,262731,42821,51005,306009,38920,409885,242387,2022-11-15T15:16:08.294000-05:00,25.14,37.60037075180227,100360_9606_705204,20221115_1513_agritech_batch2bfusmalljarmoldy_5_1trials,1,IAF-AGRITECH-BATCH2BFUSMALLJARMOLDY,727f8aac-5e86-4003-b96f-77b53ed655d3,recovery,moldy
153.0,1.0,12362,99930,29418,52775,221808,20235,133682,68907,192627,88328,142048,68333,12229,80793,5912,1457,60161,29737,104813,252597,178421,21650,352478,8789,29266,262694,42819,51007,305995,38901,409910,242335,2022-11-15T15:16:09.294000-05:00,25.138659793814433,37.61,100360_9606_705204,20221115_1513_agritech_batch2bfusmalljarmoldy_5_1trials,1,IAF-AGRITECH-BATCH2BFUSMALLJARMOLDY,727f8aac-5e86-4003-b96f-77b53ed655d3,recovery,moldy
154.0,1.0,12360,99993,29446,52765,221814,20235,133650,68862,192681,88342,142074,68303,12227,80894,5908,1456,60157,29722,104508,252688,177863,21653,352362,8781,29281,262744,42821,50979,305725,38887,409798,242421,2022-11-15T15:16:10.294000-05:00,25.11901960784314,37.608039215686276,100360_9606_705204,20221115_1513_agritech_batch2bfusmalljarmoldy_5_1trials,1,IAF-AGRITECH-BATCH2BFUSMALLJARMOLDY,727f8aac-5e86-4003-b96f-77b53ed655d3,recovery,moldy
155.0,1.0,12365,99969,29436,52744,221741,20240,133596,68861,192691,88339,142029,68247,12228,80804,5905,1456,60178,29736,104509,252710,178150,21650,352269,8776,29281,262693,42813,50934,305809,38862,410236,242408,2022-11-15T15:16:11.294000-05:00,25.11,37.58480412371134,100360_9606_705204,20221115_1513_agritech_batch2bfusmalljarmoldy_5_1trials,1,IAF-AGRITECH-BATCH2BFUSMALLJARMOLDY,727f8aac-5e86-4003-b96f-77b53ed655d3,recovery,moldy
156.0,1.0,12366,99918,29436,52732,221749,20240,133825,68890,192654,88333,141854,68225,12222,80896,5904,1460,60164,29726,104555,252695,178179,21646,352462,8765,29252,262659,42817,50943,305612,38840,410224,242247,2022-11-15T15:16:12.294000-05:00,25.11,37.548381742738584,100360_9606_705204,20221115_1513_agritech_batch2bfusmalljarmoldy_5_1trials,1,IAF-AGRITECH-BATCH2BFUSMALLJARMOLDY,727f8aac-5e86-4003-b96f-77b53ed655d3,recovery,moldy
157.0,1.0,12363,99853,29436,52744,221798,20239,133684,68898,192603,88316,141850,68235,12226,80922,5904,1461,60181,29736,104587,252699,178193,21659,352360,8761,29276,262602,42833,50910,305558,38833,410254,242235,2022-11-15T15:16:13.294000-05:00,25.106041237113402,37.5380206185567,100360_9606_705204,20221115_1513_agritech_batch2bfusmalljarmoldy_5_1trials,1,IAF-AGRITECH-BATCH2BFUSMALLJARMOLDY,727f8aac-5e86-4003-b96f-77b53ed655d3,recovery,moldy
158.0,1.0,12363,99889,29427,52760,221712,20238,133685,68910,192626,88308,141851,68168,12228,80958,5905,1458,60166,29732,104740,252615,178163,21651,352397,8758,29258,262534,42829,50899,305347,38813,409820,242331,2022-11-15T15:16:14.294000-05:00,25.09687306501548,37.52541795665635,100360_9606_705204,20221115_1513_agritech_batch2bfusmalljarmoldy_5_1trials,1,IAF-AGRITECH-BATCH2BFUSMALLJARMOLDY,727f8aac-5e86-4003-b96f-77b53ed655d3,recovery,moldy
159.0,1.0,12363,99891,29419,52731,221759,20242,133806,68901,192660,88288,141858,68120,12225,80927,5899,1461,60168,29738,104716,252547,178390,21650,352366,8752,29267,262664,42809,50895,305181,38774,409719,242286,2022-11-15T15:16:15.294000-05:00,25.12260824742268,37.51,100360_9606_705204,20221115_1513_agritech_batch2bfusmalljarmoldy_5_1trials,1,IAF-AGRITECH-BATCH2BFUSMALLJARMOLDY,727f8aac-5e86-4003-b96f-77b53ed655d3,recovery,moldy
160.0,1.0,12362,99849,29424,52734,221601,20242,133740,68922,192662,88287,141863,68083,12226,80881,5897,1459,60175,29742,104677,252648,178475,21656,352264,8744,29286,262541,42787,50900,305044,38753,409741,242257,2022-11-15T15:16:16.294000-05:00,25.127079463364293,37.50123839009288,100360_9606_705204,20221115_1513_agritech_batch2bfusmalljarmoldy_5_1trials,1,IAF-AGRITECH-BATCH2BFUSMALLJARMOLDY,727f8aac-5e86-4003-b96f-77b53ed655d3,recovery,moldy
161.0,1.0,12363,99860,29434,52718,221644,20243,133610,68898,192693,88274,141819,68047,12226,80897,5898,1457,60173,29731,104529,252682,178305,21656,352465,8740,29296,262495,42780,50891,305172,38740,409864,242243,2022-11-15T15:16:17.294000-05:00,25.123270833333333,37.48,100360_9606_705204,20221115_1513_agritech_batch2bfusmalljarmoldy_5_1trials,1,IAF-AGRITECH-BATCH2BFUSMALLJARMOLDY,727f8aac-5e86-4003-b96f-77b53ed655d3,recovery,moldy
162.0,1.0,12364,99833,29426,52725,221843,20241,133717,68874,192696,88272,141747,67997,12224,80924,5896,1457,60151,29741,104778,252640,178310,21654,352492,8737,29298,262501,42782,50859,305216,38716,409971,242191,2022-11-15T15:16:18.294000-05:00,25.126346749226006,37.47269349845201,100360_9606_705204,20221115_1513_agritech_batch2bfusmalljarmoldy_5_1trials,1,IAF-AGRITECH-BATCH2BFUSMALLJARMOLDY,727f8aac-5e86-4003-b96f-77b53ed655d3,recovery,moldy
163.0,1.0,12365,99787,29406,52740,221762,20237,133782,68906,192698,88306,141706,67999,12224,80903,5896,1457,60167,29741,104676,252644,178274,21651,352418,8735,29295,262518,42786,50834,305030,38681,410145,242221,2022-11-15T15:16:19.294000-05:00,25.11205366357069,37.452053663570695,100360_9606_705204,20221115_1513_agritech_batch2bfusmalljarmoldy_5_1trials,1,IAF-AGRITECH-BATCH2BFUSMALLJARMOLDY,727f8aac-5e86-4003-b96f-77b53ed655d3,recovery,moldy
164.0,1.0,12365,99796,29402,52708,221732,20237,133651,68905,192677,88304,141643,67931,12224,80916,5894,1456,60157,29739,104556,252738,178204,21647,352423,8730,29297,262567,42786,50806,305043,38668,409999,242401,2022-11-15T15:16:20.294000-05:00,25.112865979381443,37.44,100360_9606_705204,20221115_1513_agritech_batch2bfusmalljarmoldy_5_1trials,1,IAF-AGRITECH-BATCH2BFUSMALLJARMOLDY,727f8aac-5e86-4003-b96f-77b53ed655d3,recovery,moldy
165.0,1.0,12365,99793,29397,52693,221852,20240,133563,68908,192685,88277,141591,67877,12221,80902,5895,1458,60148,29732,104665,252738,178276,21649,352498,8725,29293,262618,42781,50790,305000,38649,410065,242408,2022-11-15T15:16:21.294000-05:00,25.127687921202696,37.43306376360808,100360_9606_705204,20221115_1513_agritech_batch2bfusmalljarmoldy_5_1trials,1,IAF-AGRITECH-BATCH2BFUSMALLJARMOLDY,727f8aac-5e86-4003-b96f-77b53ed655d3,recovery,moldy
166.0,1.0,12363,99811,29388,52716,221801,20240,133655,68908,192698,88283,141500,67870,12221,80871,5893,1460,60149,29732,104570,252686,178262,21654,352471,8721,29281,262581,42772,50788,304926,38658,410036,242282,2022-11-15T15:16:22.294000-05:00,25.122503888024884,37.417511664074645,100360_9606_705204,20221115_1513_agritech_batch2bfusmalljarmoldy_5_1trials,1,IAF-AGRITECH-BATCH2BFUSMALLJARMOLDY,727f8aac-5e86-4003-b96f-77b53ed655d3,recovery,moldy
167.0,1.0,12363,99822,29396,52708,221801,20240,133661,68911,192679,88293,141434,67855,12222,80849,5891,1461,60142,29732,104585,252636,178191,21652,352313,8719,29286,262579,42771,50774,304845,38645,410078,242285,2022-11-15T15:16:23.294000-05:00,25.12,37.39932920536636,100360_9606_705204,20221115_1513_agritech_batch2bfusmalljarmoldy_5_1trials,1,IAF-AGRITECH-BATCH2BFUSMALLJARMOLDY,727f8aac-5e86-4003-b96f-77b53ed655d3,recovery,moldy
168.0,1.0,12362,99773,29400,52681,221732,20237,133599,68909,192658,88282,141411,67827,12223,80793,5891,1459,60139,29733,104531,252622,178312,21647,352188,8717,29271,262664,42773,50769,304778,38632,409893,242325,2022-11-15T15:16:24.294000-05:00,25.12,37.378701030927836,100360_9606_705204,20221115_1513_agritech_batch2bfusmalljarmoldy_5_1trials,1,IAF-AGRITECH-BATCH2BFUSMALLJARMOLDY,727f8aac-5e86-4003-b96f-77b53ed655d3,recovery,moldy
169.0,1.0,12362,99753,29400,52653,221803,20236,133672,68867,192682,88267,141419,67787,12224,80880,5890,1457,60122,29734,104427,252697,178431,21654,352082,8710,29256,262723,42767,50776,304831,38617,410072,242216,2022-11-15T15:16:25.294000-05:00,25.114035087719298,37.3759649122807,100360_9606_705204,20221115_1513_agritech_batch2bfusmalljarmoldy_5_1trials,1,IAF-AGRITECH-BATCH2BFUSMALLJARMOLDY,727f8aac-5e86-4003-b96f-77b53ed655d3,recovery,moldy
170.0,1.0,12364,99802,29395,52647,221781,20233,133747,68862,192661,88255,141398,67736,12224,80732,5888,1456,60115,29724,104324,252711,178337,21652,351943,8704,29249,262618,42761,50751,304858,38613,410261,242111,2022-11-15T15:16:26.294000-05:00,25.116278350515465,37.36744329896907,100360_9606_705204,20221115_1513_agritech_batch2bfusmalljarmoldy_5_1trials,1,IAF-AGRITECH-BATCH2BFUSMALLJARMOLDY,727f8aac-5e86-4003-b96f-77b53ed655d3,recovery,moldy
171.0,1.0,12366,99777,29406,52609,221799,20231,133756,68902,192616,88244,141403,67683,12223,80603,5886,1457,60131,29726,104462,252658,178152,21645,351890,8701,29259,262489,42756,50720,304793,38603,410333,242131,2022-11-15T15:16:27.294000-05:00,25.133202479338845,37.340196280991734,100360_9606_705204,20221115_1513_agritech_batch2bfusmalljarmoldy_5_1trials,1,IAF-AGRITECH-BATCH2BFUSMALLJARMOLDY,727f8aac-5e86-4003-b96f-77b53ed655d3,recovery,moldy
172.0,1.0,12363,99716,29405,52593,221686,20236,133729,68911,192651,88257,141390,67639,12223,80627,5883,1457,60128,29728,104559,252680,177961,21652,352030,8697,29242,262489,42766,50714,304622,38584,410309,242192,2022-11-15T15:16:28.294000-05:00,25.11201251303441,37.33,100360_9606_705204,20221115_1513_agritech_batch2bfusmalljarmoldy_5_1trials,1,IAF-AGRITECH-BATCH2BFUSMALLJARMOLDY,727f8aac-5e86-4003-b96f-77b53ed655d3,recovery,moldy
173.0,1.0,12365,99741,29401,52596,221753,20236,133842,68918,192651,88251,141349,67622,12224,80697,5882,1457,60128,29719,104431,252735,178125,21647,352130,8690,29237,262557,42765,50696,304674,38573,410275,242181,2022-11-15T15:16:29.294000-05:00,25.129360824742268,37.32265979381443,100360_9606_705204,20221115_1513_agritech_batch2bfusmalljarmoldy_5_1trials,1,IAF-AGRITECH-BATCH2BFUSMALLJARMOLDY,727f8aac-5e86-4003-b96f-77b53ed655d3,recovery,moldy
174.0,1.0,12363,99731,29407,52612,221835,20236,133727,68920,192634,88247,141365,67580,12223,80681,5885,1458,60133,29713,104489,252770,178405,21650,351931,8690,29236,262504,42755,50659,304696,38564,410169,242175,2022-11-15T15:16:30.294000-05:00,25.109018789144052,37.29676409185804,100360_9606_705204,20221115_1513_agritech_batch2bfusmalljarmoldy_5_1trials,1,IAF-AGRITECH-BATCH2BFUSMALLJARMOLDY,727f8aac-5e86-4003-b96f-77b53ed655d3,recovery,moldy
