seconds,frequency,s1,s2,s3,s4,s5,s6,s7,s8,s9,s10,s11,s12,s13,s14,s15,s16,s17,s18,s19,s20,s21,s22,s23,s24,s25,s26,s27,s28,s29,s30,s31,s32,timestamp_ms,temperature,humidity,sensor_module_id,run_name,trial_id,dataset,session_id,trial_state
0.0,1.0,12324,99122,29428,51923,221487,20187,133256,68985,192507,88082,138336,59875,12213,80548,5858,1460,60181,29690,104643,252658,177750,21631,350818,8751,29149,262607,42611,51278,296146,38872,409308,242198,2022-11-15T14:56:33.093000-05:00,25.01,37.07,100360_9606_705204,20221115_1456_agritech_batch2bfusmalljarwater_3_1trials,1,IAF-AGRITECH-BATCH2BFUSMALLJARWATER,f0757bd7-d2ff-409a-9dbf-800d92a604b0,baseline
1.0,1.0,12323,99131,29442,51929,221506,20180,133246,69010,192486,88095,138367,59882,12212,80621,5854,1455,60180,29711,104725,252816,177725,21638,350907,8750,29167,262491,42592,51251,296046,38862,409383,242204,2022-11-15T14:56:34.093000-05:00,25.02,37.06938016528925,100360_9606_705204,20221115_1456_agritech_batch2bfusmalljarwater_3_1trials,1,IAF-AGRITECH-BATCH2BFUSMALLJARWATER,f0757bd7-d2ff-409a-9dbf-800d92a604b0,baseline
2.0,1.0,12325,99125,29431,51899,221320,20186,133298,69033,192392,88098,138276,59882,12208,80617,5854,1458,60182,29710,104762,252837,177540,21639,350836,8745,29158,262423,42599,51243,295814,38869,408853,242259,2022-11-15T14:56:35.093000-05:00,25.020639834881322,37.05,100360_9606_705204,20221115_1456_agritech_batch2bfusmalljarwater_3_1trials,1,IAF-AGRITECH-BATCH2BFUSMALLJARWATER,f0757bd7-d2ff-409a-9dbf-800d92a604b0,baseline
3.0,1.0,12324,99152,29420,51900,221500,20181,133321,68995,192525,88097,138151,59897,12212,80565,5855,1455,60221,29707,104785,252813,177583,21632,350651,8741,29152,262427,42602,51240,295747,38834,409026,242202,2022-11-15T14:56:36.093000-05:00,25.02616494845361,37.0480824742268,100360_9606_705204,20221115_1456_agritech_batch2bfusmalljarwater_3_1trials,1,IAF-AGRITECH-BATCH2BFUSMALLJARWATER,f0757bd7-d2ff-409a-9dbf-800d92a604b0,baseline
4.0,1.0,12321,99121,29413,51885,221437,20190,133485,69008,192451,88090,138251,59893,12213,80616,5855,1455,60201,29710,104894,252827,177731,21631,350934,8738,29128,262555,42591,51215,295794,38839,408933,242318,2022-11-15T14:56:37.093000-05:00,24.99127197518097,37.02872802481903,100360_9606_705204,20221115_1456_agritech_batch2bfusmalljarwater_3_1trials,1,IAF-AGRITECH-BATCH2BFUSMALLJARWATER,f0757bd7-d2ff-409a-9dbf-800d92a604b0,baseline
5.0,1.0,12321,99143,29422,51921,221594,20191,133356,69001,192522,88080,138235,59827,12210,80610,5852,1456,60214,29702,104899,252722,177663,21638,350755,8735,29141,262638,42588,51214,295745,38818,409074,242345,2022-11-15T14:56:38.093000-05:00,25.003213182286302,37.01839340885685,100360_9606_705204,20221115_1456_agritech_batch2bfusmalljarwater_3_1trials,1,IAF-AGRITECH-BATCH2BFUSMALLJARWATER,f0757bd7-d2ff-409a-9dbf-800d92a604b0,baseline
6.0,1.0,12323,99076,29422,51902,221542,20185,133421,68992,192603,88062,138220,59797,12215,80547,5849,1458,60201,29702,105054,252779,177564,21639,350750,8735,29125,262638,42604,51209,295697,38791,408968,242245,2022-11-15T14:56:39.093000-05:00,25.01232365145228,37.00616182572614,100360_9606_705204,20221115_1456_agritech_batch2bfusmalljarwater_3_1trials,1,IAF-AGRITECH-BATCH2BFUSMALLJARWATER,f0757bd7-d2ff-409a-9dbf-800d92a604b0,baseline
7.0,1.0,12325,99062,29424,51898,221334,20193,133415,69007,192593,88060,138178,59791,12214,80524,5848,1454,60217,29695,104925,252831,177595,21637,350959,8733,29122,262573,42588,51200,295675,38775,408910,242237,2022-11-15T14:56:40.093000-05:00,24.986835051546393,36.987721649484534,100360_9606_705204,20221115_1456_agritech_batch2bfusmalljarwater_3_1trials,1,IAF-AGRITECH-BATCH2BFUSMALLJARWATER,f0757bd7-d2ff-409a-9dbf-800d92a604b0,baseline
8.0,1.0,12323,99051,29407,51893,221452,20190,133469,69032,192645,88021,138168,59783,12212,80553,5851,1456,60218,29691,105004,252764,177658,21632,350692,8728,29099,262537,42576,51179,295703,38775,408853,242264,2022-11-15T14:56:41.093000-05:00,25.01,36.98,100360_9606_705204,20221115_1456_agritech_batch2bfusmalljarwater_3_1trials,1,IAF-AGRITECH-BATCH2BFUSMALLJARWATER,f0757bd7-d2ff-409a-9dbf-800d92a604b0,baseline
9.0,1.0,12323,99044,29414,51877,221493,20187,133410,69028,192712,88021,138169,59754,12212,80509,5850,1457,60226,29699,104926,252726,177591,21629,350669,8722,29129,262566,42579,51150,295647,38757,408833,242371,2022-11-15T14:56:42.093000-05:00,25.01,36.9712693498452,100360_9606_705204,20221115_1456_agritech_batch2bfusmalljarwater_3_1trials,1,IAF-AGRITECH-BATCH2BFUSMALLJARWATER,f0757bd7-d2ff-409a-9dbf-800d92a604b0,baseline
10.0,1.0,12322,99048,29405,51845,221585,20185,133417,69002,192672,88037,138146,59741,12215,80506,5848,1456,60223,29702,104819,252679,177685,21629,350725,8720,29126,262580,42573,51136,295687,38742,408738,242397,2022-11-15T14:56:43.093000-05:00,25.006746361746362,36.943492723492724,100360_9606_705204,20221115_1456_agritech_batch2bfusmalljarwater_3_1trials,1,IAF-AGRITECH-BATCH2BFUSMALLJARWATER,f0757bd7-d2ff-409a-9dbf-800d92a604b0,baseline
11.0,1.0,12322,99040,29406,51834,221438,20182,133505,68982,192675,88023,138116,59730,12213,80618,5846,1455,60194,29698,104547,252689,177728,21637,350757,8719,29125,262646,42582,51147,295619,38738,408643,242508,2022-11-15T14:56:44.093000-05:00,25.0,36.93,100360_9606_705204,20221115_1456_agritech_batch2bfusmalljarwater_3_1trials,1,IAF-AGRITECH-BATCH2BFUSMALLJARWATER,f0757bd7-d2ff-409a-9dbf-800d92a604b0,baseline
12.0,1.0,12323,99051,29408,51833,221442,20183,133511,68979,192667,88041,138132,59723,12214,80566,5847,1456,60191,29688,104608,252724,177788,21637,350614,8716,29145,262605,42587,51134,295309,38733,408570,242620,2022-11-15T14:56:45.093000-05:00,25.0,36.93,100360_9606_705204,20221115_1456_agritech_batch2bfusmalljarwater_3_1trials,1,IAF-AGRITECH-BATCH2BFUSMALLJARWATER,f0757bd7-d2ff-409a-9dbf-800d92a604b0,baseline
13.0,1.0,12323,99022,29406,51836,221572,20182,133483,69010,192631,88037,138143,59710,12215,80493,5847,1456,60200,29686,104933,252749,177574,21638,350672,8714,29117,262446,42579,51122,295119,38733,408835,242563,2022-11-15T14:56:46.093000-05:00,25.0,36.91705882352941,100360_9606_705204,20221115_1456_agritech_batch2bfusmalljarwater_3_1trials,1,IAF-AGRITECH-BATCH2BFUSMALLJARWATER,f0757bd7-d2ff-409a-9dbf-800d92a604b0,baseline
14.0,1.0,12322,99032,29402,51831,221573,20179,133427,69060,192575,88014,138112,59694,12215,80432,5847,1454,60189,29693,105205,252825,177545,21633,350649,8712,29093,262549,42580,51123,295255,38733,408934,242539,2022-11-15T14:56:47.093000-05:00,25.004619341563785,36.89538065843622,100360_9606_705204,20221115_1456_agritech_batch2bfusmalljarwater_3_1trials,1,IAF-AGRITECH-BATCH2BFUSMALLJARWATER,f0757bd7-d2ff-409a-9dbf-800d92a604b0,baseline
15.0,1.0,12322,99019,29406,51833,221578,20180,133468,69060,192498,88032,138095,59684,12217,80434,5844,1455,60181,29690,105086,252866,177657,21632,350633,8705,29099,262621,42582,51120,295353,38715,409039,242529,2022-11-15T14:56:48.093000-05:00,24.985386996904026,36.89,100360_9606_705204,20221115_1456_agritech_batch2bfusmalljarwater_3_1trials,1,IAF-AGRITECH-BATCH2BFUSMALLJARWATER,f0757bd7-d2ff-409a-9dbf-800d92a604b0,baseline
16.0,1.0,12321,99039,29412,51832,221554,20181,133473,69047,192531,88038,138093,59680,12214,80465,5842,1456,60167,29674,105172,252771,177754,21629,350636,8697,29102,262533,42584,51112,295320,38702,408896,242465,2022-11-15T14:56:49.093000-05:00,24.970594369134517,36.884702815432746,100360_9606_705204,20221115_1456_agritech_batch2bfusmalljarwater_3_1trials,1,IAF-AGRITECH-BATCH2BFUSMALLJARWATER,f0757bd7-d2ff-409a-9dbf-800d92a604b0,baseline
17.0,1.0,12321,99005,29411,51850,221498,20182,133437,69062,192559,88027,138019,59640,12213,80472,5842,1455,60151,29675,105303,252750,177918,21629,350664,8694,29074,262580,42580,51091,295228,38688,408904,242384,2022-11-15T14:56:50.093000-05:00,24.9969793814433,36.88,100360_9606_705204,20221115_1456_agritech_batch2bfusmalljarwater_3_1trials,1,IAF-AGRITECH-BATCH2BFUSMALLJARWATER,f0757bd7-d2ff-409a-9dbf-800d92a604b0,baseline
18.0,1.0,12321,98997,29420,51863,221414,20182,133292,69038,192577,88020,138012,59599,12210,80499,5843,1456,60155,29684,105095,252746,177860,21630,350776,8690,29064,262550,42576,51068,295080,38646,408846,242447,2022-11-15T14:56:51.093000-05:00,24.98609907120743,36.85609907120743,100360_9606_705204,20221115_1456_agritech_batch2bfusmalljarwater_3_1trials,1,IAF-AGRITECH-BATCH2BFUSMALLJARWATER,f0757bd7-d2ff-409a-9dbf-800d92a604b0,baseline
19.0,1.0,12322,99002,29404,51811,221394,20180,133373,69015,192539,88012,137957,59575,12212,80525,5843,1457,60189,29688,104993,252751,177580,21628,350737,8683,29068,262486,42567,51046,295029,38649,408659,242480,2022-11-15T14:56:52.093000-05:00,24.9762951496388,36.84,100360_9606_705204,20221115_1456_agritech_batch2bfusmalljarwater_3_1trials,1,IAF-AGRITECH-BATCH2BFUSMALLJARWATER,f0757bd7-d2ff-409a-9dbf-800d92a604b0,baseline
20.0,1.0,12321,98990,29413,51795,221444,20183,133546,69027,192584,88007,137915,59570,12214,80512,5844,1457,60187,29681,104824,252864,177581,21630,350667,8683,29091,262448,42557,51026,295022,38669,408461,242411,2022-11-15T14:56:53.093000-05:00,24.993382045929017,36.82661795407098,100360_9606_705204,20221115_1456_agritech_batch2bfusmalljarwater_3_1trials,1,IAF-AGRITECH-BATCH2BFUSMALLJARWATER,f0757bd7-d2ff-409a-9dbf-800d92a604b0,baseline
21.0,1.0,12323,99005,29424,51803,221421,20183,133557,69042,192584,88006,137905,59562,12211,80439,5842,1458,60160,29680,104933,252842,177806,21633,350561,8685,29093,262437,42562,51008,294883,38648,408527,242470,2022-11-15T14:56:54.093000-05:00,25.007041237113402,36.8059175257732,100360_9606_705204,20221115_1456_agritech_batch2bfusmalljarwater_3_1trials,1,IAF-AGRITECH-BATCH2BFUSMALLJARWATER,f0757bd7-d2ff-409a-9dbf-800d92a604b0,baseline
22.0,1.0,12325,99015,29430,51814,221457,20185,133467,69013,192536,87983,137948,59545,12212,80403,5841,1457,60167,29685,105091,252848,177646,21631,350681,8678,29108,262437,42566,51024,294966,38619,408472,242436,2022-11-15T14:56:55.093000-05:00,24.987925696594427,36.8,100360_9606_705204,20221115_1456_agritech_batch2bfusmalljarwater_3_1trials,1,IAF-AGRITECH-BATCH2BFUSMALLJARWATER,f0757bd7-d2ff-409a-9dbf-800d92a604b0,baseline
23.0,1.0,12326,99003,29416,51805,221456,20185,133530,69024,192504,87991,137893,59535,12215,80416,5840,1458,60186,29694,104992,252802,177734,21630,350552,8676,29110,262368,42545,51022,294879,38607,408455,242379,2022-11-15T14:56:56.093000-05:00,25.018311019567456,36.784675592173016,100360_9606_705204,20221115_1456_agritech_batch2bfusmalljarwater_3_1trials,1,IAF-AGRITECH-BATCH2BFUSMALLJARWATER,f0757bd7-d2ff-409a-9dbf-800d92a604b0,baseline
24.0,1.0,12324,98941,29433,51772,221492,20180,133490,69043,192518,87918,137573,58843,12206,80386,5836,1459,60128,29651,105157,252758,177636,21618,350329,8653,28999,261775,42385,50369,292837,38168,408553,242322,2022-11-15T14:56:57.093000-05:00,24.99011351909185,36.69224974200207,100360_9606_705204,20221115_1456_agritech_batch2bfusmalljarwater_3_1trials,1,IAF-AGRITECH-BATCH2BFUSMALLJARWATER,f0757bd7-d2ff-409a-9dbf-800d92a604b0,baseline
25.0,1.0,12315,98754,29427,51636,221292,20154,133618,68992,192360,87770,137173,57532,12199,80321,5827,1457,60113,29642,104929,252806,177741,21619,350725,8650,29146,263381,42800,52338,298771,39870,408961,242590,2022-11-15T14:56:58.093000-05:00,24.99662874870734,36.3540537745605,100360_9606_705204,20221115_1456_agritech_batch2bfusmalljarwater_3_1trials,1,IAF-AGRITECH-BATCH2BFUSMALLJARWATER,f0757bd7-d2ff-409a-9dbf-800d92a604b0,baseline
26.0,1.0,12339,99486,29448,52176,221749,20275,133710,69144,192986,88749,140335,73518,12256,81016,5880,1460,60298,29976,105610,253391,178513,21717,352245,8897,29677,265866,43757,58429,309955,43081,409538,243364,2022-11-15T14:56:59.093000-05:00,25.008619979402678,37.25543769309989,100360_9606_705204,20221115_1456_agritech_batch2bfusmalljarwater_3_1trials,1,IAF-AGRITECH-BATCH2BFUSMALLJARWATER,f0757bd7-d2ff-409a-9dbf-800d92a604b0,baseline
27.0,1.0,12364,100365,29476,53151,221988,20354,133765,69129,193309,89346,142224,94016,12280,81327,5951,1460,60405,30092,105828,253646,178695,21754,352723,9094,29913,266458,44151,61089,315064,44389,410017,243675,2022-11-15T14:57:00.093000-05:00,25.001067560598248,39.357271789582256,100360_9606_705204,20221115_1456_agritech_batch2bfusmalljarwater_3_1trials,1,IAF-AGRITECH-BATCH2BFUSMALLJARWATER,f0757bd7-d2ff-409a-9dbf-800d92a604b0,baseline
28.0,1.0,12389,101239,29503,54173,222170,20421,133817,69080,193561,89850,143808,114687,12297,81556,6022,1460,60495,30164,105942,253836,178768,21780,353011,9275,30093,266747,44445,63115,319137,45374,410477,243903,2022-11-15T14:57:01.093000-05:00,24.990752965446106,41.60585353274884,100360_9606_705204,20221115_1456_agritech_batch2bfusmalljarwater_3_1trials,1,IAF-AGRITECH-BATCH2BFUSMALLJARWATER,f0757bd7-d2ff-409a-9dbf-800d92a604b0,baseline
29.0,1.0,12402,101570,29549,54542,222396,20438,133767,69206,193707,90101,144669,120809,12298,81905,6094,1458,60546,30182,106054,253827,178985,21810,353260,9402,30156,266969,44625,64152,321533,45899,410606,243979,2022-11-15T14:57:02.093000-05:00,25.02830578512397,43.52248966942149,100360_9606_705204,20221115_1456_agritech_batch2bfusmalljarwater_3_1trials,1,IAF-AGRITECH-BATCH2BFUSMALLJARWATER,f0757bd7-d2ff-409a-9dbf-800d92a604b0,baseline
30.0,1.0,12409,101786,29520,54694,222418,20449,133853,69129,193821,90253,145392,123437,12296,82265,6157,1460,60596,30201,105839,253960,178824,21813,353051,9501,30268,267048,44706,64647,323507,46183,409981,243943,2022-11-15T14:57:03.093000-05:00,24.99045360824742,45.02367010309278,100360_9606_705204,20221115_1456_agritech_batch2bfusmalljarwater_3_1trials,1,IAF-AGRITECH-BATCH2BFUSMALLJARWATER,f0757bd7-d2ff-409a-9dbf-800d92a604b0,exposure
31.0,1.0,12411,101983,29510,54720,222584,20456,133953,69188,193948,90358,145877,124146,12297,82562,6198,1461,60596,30190,105923,253905,179086,21817,353187,9579,30289,267028,44771,64867,324921,46331,409973,244017,2022-11-15T14:57:04.093000-05:00,25.02921568627451,46.177647058823524,100360_9606_705204,20221115_1456_agritech_batch2bfusmalljarwater_3_1trials,1,IAF-AGRITECH-BATCH2BFUSMALLJARWATER,f0757bd7-d2ff-409a-9dbf-800d92a604b0,exposure
32.0,1.0,12411,101993,29556,54759,222457,20467,134008,69194,194047,90412,146290,123984,12296,82477,6229,1460,60640,30198,105964,253879,178920,21811,353458,9633,30324,266916,44790,64897,325612,46454,410532,244084,2022-11-15T14:57:05.093000-05:00,24.993095975232198,47.095603715170284,100360_9606_705204,20221115_1456_agritech_batch2bfusmalljarwater_3_1trials,1,IAF-AGRITECH-BATCH2BFUSMALLJARWATER,f0757bd7-d2ff-409a-9dbf-800d92a604b0,exposure
33.0,1.0,12409,102097,29528,54781,222578,20464,134018,69228,193992,90450,146555,123846,12295,82767,6249,1460,60632,30196,106170,253876,178940,21827,353451,9684,30315,266937,44789,64941,326686,46513,410208,244037,2022-11-15T14:57:06.093000-05:00,25.049164086687306,47.795975232198145,100360_9606_705204,20221115_1456_agritech_batch2bfusmalljarwater_3_1trials,1,IAF-AGRITECH-BATCH2BFUSMALLJARWATER,f0757bd7-d2ff-409a-9dbf-800d92a604b0,exposure
34.0,1.0,12414,102110,29516,54838,222459,20464,133909,69195,193930,90497,146859,123453,12296,82864,6265,1461,60630,30184,106242,253779,178949,21822,353551,9717,30305,267036,44800,64975,327187,46514,410437,244043,2022-11-15T14:57:07.093000-05:00,25.03884536082474,48.34387628865979,100360_9606_705204,20221115_1456_agritech_batch2bfusmalljarwater_3_1trials,1,IAF-AGRITECH-BATCH2BFUSMALLJARWATER,f0757bd7-d2ff-409a-9dbf-800d92a604b0,exposure
35.0,1.0,12414,102158,29528,54885,222558,20468,133821,69212,193935,90509,147026,123070,12301,82961,6273,1460,60644,30177,106029,253744,178755,21823,353628,9754,30312,266886,44806,64919,327478,46529,410072,244105,2022-11-15T14:57:08.093000-05:00,25.031465428276576,48.72542827657379,100360_9606_705204,20221115_1456_agritech_batch2bfusmalljarwater_3_1trials,1,IAF-AGRITECH-BATCH2BFUSMALLJARWATER,f0757bd7-d2ff-409a-9dbf-800d92a604b0,exposure
36.0,1.0,12415,102222,29563,54884,222431,20468,133815,69229,193999,90521,147134,122660,12295,83024,6279,1461,60686,30173,106089,253702,179042,21827,353556,9787,30352,266858,44794,64860,327930,46591,409949,244125,2022-11-15T14:57:09.093000-05:00,25.047215849843585,49.03509906152242,100360_9606_705204,20221115_1456_agritech_batch2bfusmalljarwater_3_1trials,1,IAF-AGRITECH-BATCH2BFUSMALLJARWATER,f0757bd7-d2ff-409a-9dbf-800d92a604b0,exposure
37.0,1.0,12415,102256,29516,54889,222487,20467,133736,69258,193905,90541,147211,122179,12297,83104,6288,1463,60693,30176,106132,253828,178912,21817,353484,9814,30336,266836,44773,64788,328312,46578,410389,244050,2022-11-15T14:57:10.093000-05:00,25.066762886597935,49.273092783505156,100360_9606_705204,20221115_1456_agritech_batch2bfusmalljarwater_3_1trials,1,IAF-AGRITECH-BATCH2BFUSMALLJARWATER,f0757bd7-d2ff-409a-9dbf-800d92a604b0,exposure
38.0,1.0,12416,102245,29517,54925,222399,20465,133795,69269,193979,90566,147363,121610,12293,83037,6294,1461,60663,30166,106095,253916,178690,21821,353445,9830,30352,266839,44764,64677,328484,46577,410680,244042,2022-11-15T14:57:11.093000-05:00,25.030072239422083,49.42273477812178,100360_9606_705204,20221115_1456_agritech_batch2bfusmalljarwater_3_1trials,1,IAF-AGRITECH-BATCH2BFUSMALLJARWATER,f0757bd7-d2ff-409a-9dbf-800d92a604b0,exposure
39.0,1.0,12419,102291,29540,54971,222416,20466,133755,69267,194019,90540,147408,121188,12292,83047,6295,1459,60663,30162,105883,253927,178730,21813,353318,9845,30338,266620,44756,64570,328452,46566,410289,244082,2022-11-15T14:57:12.093000-05:00,25.051486068111455,49.54270381836945,100360_9606_705204,20221115_1456_agritech_batch2bfusmalljarwater_3_1trials,1,IAF-AGRITECH-BATCH2BFUSMALLJARWATER,f0757bd7-d2ff-409a-9dbf-800d92a604b0,exposure
40.0,1.0,12417,102301,29568,54976,222479,20464,133788,69289,193973,90553,147406,120828,12293,83073,6298,1462,60681,30153,106154,253839,178715,21807,353372,9852,30345,266611,44743,64466,328555,46531,409864,244043,2022-11-15T14:57:13.093000-05:00,25.03,49.61261855670103,100360_9606_705204,20221115_1456_agritech_batch2bfusmalljarwater_3_1trials,1,IAF-AGRITECH-BATCH2BFUSMALLJARWATER,f0757bd7-d2ff-409a-9dbf-800d92a604b0,exposure
41.0,1.0,12415,102283,29550,54947,222551,20460,133812,69260,193942,90545,147431,120499,12294,83050,6298,1462,60701,30137,106250,253976,178758,21805,353625,9862,30354,266573,44737,64371,328717,46479,410007,243988,2022-11-15T14:57:14.093000-05:00,25.036934984520126,49.64693498452012,100360_9606_705204,20221115_1456_agritech_batch2bfusmalljarwater_3_1trials,1,IAF-AGRITECH-BATCH2BFUSMALLJARWATER,f0757bd7-d2ff-409a-9dbf-800d92a604b0,exposure
42.0,1.0,12415,102247,29574,54936,222503,20458,133745,69247,193888,90543,147485,120033,12295,83089,6298,1462,60696,30132,106161,253972,178671,21802,353374,9865,30334,266557,44717,64265,328691,46429,410208,243913,2022-11-15T14:57:15.093000-05:00,25.05380310880829,49.66380310880829,100360_9606_705204,20221115_1456_agritech_batch2bfusmalljarwater_3_1trials,1,IAF-AGRITECH-BATCH2BFUSMALLJARWATER,f0757bd7-d2ff-409a-9dbf-800d92a604b0,exposure
43.0,1.0,12415,102208,29571,54942,222428,20460,133776,69249,193871,90531,147421,119657,12293,83045,6300,1462,60698,30127,106295,253943,178734,21804,353414,9868,30313,266475,44694,64121,328508,46366,410341,243869,2022-11-15T14:57:16.093000-05:00,25.047554179566564,49.66170278637771,100360_9606_705204,20221115_1456_agritech_batch2bfusmalljarwater_3_1trials,1,IAF-AGRITECH-BATCH2BFUSMALLJARWATER,f0757bd7-d2ff-409a-9dbf-800d92a604b0,exposure
44.0,1.0,12415,102206,29549,54941,222436,20458,133716,69251,193895,90510,147361,119370,12292,83009,6299,1461,60745,30121,106046,253911,178709,21804,353475,9872,30301,266480,44686,63998,328600,46319,410145,244058,2022-11-15T14:57:17.093000-05:00,25.043405572755418,49.64106295149639,100360_9606_705204,20221115_1456_agritech_batch2bfusmalljarwater_3_1trials,1,IAF-AGRITECH-BATCH2BFUSMALLJARWATER,f0757bd7-d2ff-409a-9dbf-800d92a604b0,exposure
45.0,1.0,12416,102218,29568,54901,222436,20452,133702,69228,193914,90497,147339,118995,12291,83005,6299,1460,60751,30126,105830,253931,178745,21803,353601,9869,30306,266438,44676,63891,328557,46271,410025,244056,2022-11-15T14:57:18.093000-05:00,25.055211558307533,49.610846233230134,100360_9606_705204,20221115_1456_agritech_batch2bfusmalljarwater_3_1trials,1,IAF-AGRITECH-BATCH2BFUSMALLJARWATER,f0757bd7-d2ff-409a-9dbf-800d92a604b0,exposure
46.0,1.0,12419,102185,29574,54852,222499,20447,133837,69220,193864,90485,147327,118543,12292,83006,6297,1459,60727,30123,105807,253876,178809,21803,353677,9866,30314,266379,44650,63760,328360,46224,410392,244028,2022-11-15T14:57:19.093000-05:00,25.055108359133126,49.564458204334365,100360_9606_705204,20221115_1456_agritech_batch2bfusmalljarwater_3_1trials,1,IAF-AGRITECH-BATCH2BFUSMALLJARWATER,f0757bd7-d2ff-409a-9dbf-800d92a604b0,exposure
47.0,1.0,12420,102190,29567,54855,222484,20449,133809,69209,193808,90468,147256,118169,12291,82969,6296,1459,60722,30120,105815,253826,178792,21805,353566,9867,30325,266433,44610,63633,328049,46179,410219,244075,2022-11-15T14:57:20.093000-05:00,25.05457731958763,49.51288659793814,100360_9606_705204,20221115_1456_agritech_batch2bfusmalljarwater_3_1trials,1,IAF-AGRITECH-BATCH2BFUSMALLJARWATER,f0757bd7-d2ff-409a-9dbf-800d92a604b0,exposure
48.0,1.0,12415,102213,29557,54866,222485,20451,133841,69208,193741,90455,147252,117813,12291,82930,6292,1459,60701,30115,105649,253810,178843,21800,353441,9865,30318,266466,44583,63519,327809,46106,409859,244065,2022-11-15T14:57:21.093000-05:00,25.038524251805985,49.44983488132095,100360_9606_705204,20221115_1456_agritech_batch2bfusmalljarwater_3_1trials,1,IAF-AGRITECH-BATCH2BFUSMALLJARWATER,f0757bd7-d2ff-409a-9dbf-800d92a604b0,exposure
49.0,1.0,12411,102229,29549,54866,222518,20445,133907,69232,193720,90439,147207,117433,12291,82938,6290,1460,60684,30106,105630,253868,178970,21802,353520,9865,30282,266481,44581,63402,327796,46030,410133,243967,2022-11-15T14:57:22.093000-05:00,25.048173374613004,49.38971104231166,100360_9606_705204,20221115_1456_agritech_batch2bfusmalljarwater_3_1trials,1,IAF-AGRITECH-BATCH2BFUSMALLJARWATER,f0757bd7-d2ff-409a-9dbf-800d92a604b0,exposure
50.0,1.0,12410,102200,29579,54866,222462,20442,133928,69221,193741,90420,147176,117076,12287,82938,6288,1462,60690,30103,105705,253794,179020,21801,353562,9857,30273,266444,44586,63286,327514,45984,410125,243989,2022-11-15T14:57:23.093000-05:00,25.040886597938144,49.31265979381443,100360_9606_705204,20221115_1456_agritech_batch2bfusmalljarwater_3_1trials,1,IAF-AGRITECH-BATCH2BFUSMALLJARWATER,f0757bd7-d2ff-409a-9dbf-800d92a604b0,exposure
51.0,1.0,12409,102150,29595,54877,222395,20443,133889,69203,193770,90399,147181,116846,12287,82898,6287,1462,60667,30097,106016,253789,178867,21805,353605,9853,30275,266432,44566,63199,327343,45958,409863,244010,2022-11-15T14:57:24.093000-05:00,25.056749226006193,49.23987616099071,100360_9606_705204,20221115_1456_agritech_batch2bfusmalljarwater_3_1trials,1,IAF-AGRITECH-BATCH2BFUSMALLJARWATER,f0757bd7-d2ff-409a-9dbf-800d92a604b0,exposure
52.0,1.0,12409,102139,29580,54864,222436,20439,133962,69190,193715,90366,147128,116544,12289,82873,6284,1460,60620,30094,106039,253833,178828,21803,353409,9846,30236,266325,44546,63061,327092,45877,409802,244060,2022-11-15T14:57:25.093000-05:00,25.055985552115583,49.16394220846233,100360_9606_705204,20221115_1456_agritech_batch2bfusmalljarwater_3_1trials,1,IAF-AGRITECH-BATCH2BFUSMALLJARWATER,f0757bd7-d2ff-409a-9dbf-800d92a604b0,exposure
53.0,1.0,12412,102094,29568,54834,222423,20435,133855,69160,193782,90371,147021,116271,12289,82901,6281,1460,60627,30091,105999,253796,178713,21795,353493,9844,30244,266327,44512,62959,326869,45809,410050,244097,2022-11-15T14:57:26.093000-05:00,25.05,49.08876288659794,100360_9606_705204,20221115_1456_agritech_batch2bfusmalljarwater_3_1trials,1,IAF-AGRITECH-BATCH2BFUSMALLJARWATER,f0757bd7-d2ff-409a-9dbf-800d92a604b0,exposure
54.0,1.0,12409,102075,29573,54806,222533,20434,133903,69161,193795,90344,146958,115947,12286,82879,6279,1461,60653,30089,105975,253823,178898,21794,353421,9841,30238,266279,44486,62851,326642,45745,410021,244073,2022-11-15T14:57:27.093000-05:00,25.0346949327818,49.016432264736295,100360_9606_705204,20221115_1456_agritech_batch2bfusmalljarwater_3_1trials,1,IAF-AGRITECH-BATCH2BFUSMALLJARWATER,f0757bd7-d2ff-409a-9dbf-800d92a604b0,exposure
55.0,1.0,12408,102064,29581,54797,222413,20431,133879,69174,193757,90331,146923,115702,12286,82863,6275,1460,60640,30082,105972,253835,178970,21794,353360,9835,30216,266192,44472,62739,326511,45705,410087,244085,2022-11-15T14:57:28.093000-05:00,25.0380103626943,48.9359170984456,100360_9606_705204,20221115_1456_agritech_batch2bfusmalljarwater_3_1trials,1,IAF-AGRITECH-BATCH2BFUSMALLJARWATER,f0757bd7-d2ff-409a-9dbf-800d92a604b0,exposure
56.0,1.0,12407,102052,29588,54792,222209,20428,133808,69187,193716,90327,146891,115489,12288,82854,6271,1460,60616,30075,105978,253834,178970,21793,353335,9828,30193,266106,44459,62630,326416,45673,410219,244112,2022-11-15T14:57:29.093000-05:00,25.04837305699482,48.853015544041455,100360_9606_705204,20221115_1456_agritech_batch2bfusmalljarwater_3_1trials,1,IAF-AGRITECH-BATCH2BFUSMALLJARWATER,f0757bd7-d2ff-409a-9dbf-800d92a604b0,exposure
57.0,1.0,12408,102010,29563,54766,222368,20422,133904,69148,193759,90292,146811,115333,12285,82832,6271,1463,60633,30080,106140,253870,178879,21801,353496,9822,30246,266187,44432,62517,326384,45635,410197,244145,2022-11-15T14:57:30.093000-05:00,25.05,48.770402476780184,100360_9606_705204,20221115_1456_agritech_batch2bfusmalljarwater_3_1trials,1,IAF-AGRITECH-BATCH2BFUSMALLJARWATER,f0757bd7-d2ff-409a-9dbf-800d92a604b0,exposure
58.0,1.0,12408,101993,29562,54724,222369,20422,133948,69190,193682,90294,146772,114978,12289,82827,6266,1460,60627,30075,105914,254011,178639,21802,353361,9814,30246,266053,44425,62409,325917,45581,410236,244037,2022-11-15T14:57:31.093000-05:00,25.05,48.69692783505155,100360_9606_705204,20221115_1456_agritech_batch2bfusmalljarwater_3_1trials,1,IAF-AGRITECH-BATCH2BFUSMALLJARWATER,f0757bd7-d2ff-409a-9dbf-800d92a604b0,exposure
59.0,1.0,12403,102017,29584,54771,222379,20423,133967,69187,193702,90294,146737,114686,12282,82814,6266,1460,60593,30064,106095,253908,178844,21796,353581,9801,30202,265929,44425,62289,325895,45562,410114,244033,2022-11-15T14:57:32.093000-05:00,25.02201238390093,48.61536635706914,100360_9606_705204,20221115_1456_agritech_batch2bfusmalljarwater_3_1trials,1,IAF-AGRITECH-BATCH2BFUSMALLJARWATER,f0757bd7-d2ff-409a-9dbf-800d92a604b0,exposure
60.0,1.0,12402,101941,29554,54727,222358,20417,133680,69136,193682,90267,146599,114381,12282,82764,6261,1460,60615,30061,105979,253926,178823,21798,353328,9790,30188,265922,44390,62189,325574,45487,410127,244110,2022-11-15T14:57:33.093000-05:00,25.06819587628866,48.532886597938145,100360_9606_705204,20221115_1456_agritech_batch2bfusmalljarwater_3_1trials,1,IAF-AGRITECH-BATCH2BFUSMALLJARWATER,f0757bd7-d2ff-409a-9dbf-800d92a604b0,exposure
61.0,1.0,12402,101947,29580,54729,222247,20422,134039,69154,193781,90239,146549,114196,12283,82744,6259,1460,60685,30063,106227,253929,178869,21799,353247,9787,30230,265855,44396,62096,324901,45403,410144,244272,2022-11-15T14:57:34.093000-05:00,25.07,48.44037151702786,100360_9606_705204,20221115_1456_agritech_batch2bfusmalljarwater_3_1trials,1,IAF-AGRITECH-BATCH2BFUSMALLJARWATER,f0757bd7-d2ff-409a-9dbf-800d92a604b0,exposure
62.0,1.0,12402,101911,29556,54649,222237,20412,133782,69173,193760,90241,146496,113916,12282,82699,6257,1458,60571,30059,106095,253912,178782,21803,353472,9779,30217,265728,44374,62023,324977,45341,410040,244145,2022-11-15T14:57:35.093000-05:00,25.02,48.36785345717234,100360_9606_705204,20221115_1456_agritech_batch2bfusmalljarwater_3_1trials,1,IAF-AGRITECH-BATCH2BFUSMALLJARWATER,f0757bd7-d2ff-409a-9dbf-800d92a604b0,exposure
63.0,1.0,12400,101927,29553,54613,222235,20410,134025,69132,193758,90231,146342,113671,12281,82732,6256,1458,60578,30044,106007,253771,178542,21795,353325,9765,30200,265865,44356,61914,324674,45268,410138,244140,2022-11-15T14:57:36.093000-05:00,25.021181347150257,48.28586528497409,100360_9606_705204,20221115_1456_agritech_batch2bfusmalljarwater_3_1trials,1,IAF-AGRITECH-BATCH2BFUSMALLJARWATER,f0757bd7-d2ff-409a-9dbf-800d92a604b0,exposure
64.0,1.0,12402,101885,29567,54645,222208,20413,133847,69160,193642,90198,146287,113371,12281,82619,6250,1457,60610,30050,106044,253753,178740,21790,353386,9756,30200,265777,44334,61788,324648,45201,409827,244159,2022-11-15T14:57:37.093000-05:00,25.04189886480908,48.21145510835913,100360_9606_705204,20221115_1456_agritech_batch2bfusmalljarwater_3_1trials,1,IAF-AGRITECH-BATCH2BFUSMALLJARWATER,f0757bd7-d2ff-409a-9dbf-800d92a604b0,exposure
65.0,1.0,12403,101877,29542,54612,222228,20405,133886,69149,193625,90194,146197,113014,12281,82688,6248,1457,60607,30045,106142,253744,178805,21778,353476,9747,30198,265830,44316,61667,324520,45166,410480,244119,2022-11-15T14:57:38.093000-05:00,25.058730650154796,48.11857585139319,100360_9606_705204,20221115_1456_agritech_batch2bfusmalljarwater_3_1trials,1,IAF-AGRITECH-BATCH2BFUSMALLJARWATER,f0757bd7-d2ff-409a-9dbf-800d92a604b0,exposure
66.0,1.0,12403,101844,29551,54583,222255,20403,133907,69155,193673,90168,146244,112776,12280,82704,6244,1458,60591,30038,105988,253693,178717,21782,353203,9735,30174,265827,44293,61548,324234,45133,409954,244147,2022-11-15T14:57:39.093000-05:00,25.05,48.02888659793815,100360_9606_705204,20221115_1456_agritech_batch2bfusmalljarwater_3_1trials,1,IAF-AGRITECH-BATCH2BFUSMALLJARWATER,f0757bd7-d2ff-409a-9dbf-800d92a604b0,exposure
67.0,1.0,12402,101836,29535,54562,222321,20401,133933,69135,193668,90167,146057,112474,12279,82657,6243,1458,60581,30037,105946,253718,178861,21771,353084,9724,30154,265772,44282,61457,323888,45048,410204,244056,2022-11-15T14:57:40.093000-05:00,25.051898864809083,47.95101135190918,100360_9606_705204,20221115_1456_agritech_batch2bfusmalljarwater_3_1trials,1,IAF-AGRITECH-BATCH2BFUSMALLJARWATER,f0757bd7-d2ff-409a-9dbf-800d92a604b0,exposure
68.0,1.0,12400,101845,29556,54583,222223,20403,133876,69189,193641,90184,146095,112122,12281,82698,6239,1459,60570,30037,106147,253644,178925,21774,353285,9718,30142,265714,44274,61370,323614,44977,409920,244202,2022-11-15T14:57:41.093000-05:00,25.055562435500516,47.85003095975232,100360_9606_705204,20221115_1456_agritech_batch2bfusmalljarwater_3_1trials,1,IAF-AGRITECH-BATCH2BFUSMALLJARWATER,f0757bd7-d2ff-409a-9dbf-800d92a604b0,exposure
69.0,1.0,12400,101793,29551,54559,222278,20401,133939,69213,193631,90157,146033,111974,12277,82700,6236,1459,60571,30041,106011,253642,178850,21770,353118,9710,30119,265531,44248,61261,323391,44948,409884,244160,2022-11-15T14:57:42.093000-05:00,25.045072164948454,47.76224742268042,100360_9606_705204,20221115_1456_agritech_batch2bfusmalljarwater_3_1trials,1,IAF-AGRITECH-BATCH2BFUSMALLJARWATER,f0757bd7-d2ff-409a-9dbf-800d92a604b0,exposure
70.0,1.0,12399,101807,29557,54545,222349,20400,133908,69222,193634,90115,145919,111639,12278,82651,6232,1461,60570,30037,105929,253681,178838,21776,353261,9695,30115,265583,44235,61173,323053,44873,409986,244035,2022-11-15T14:57:43.093000-05:00,25.057139896373055,47.684259067357516,100360_9606_705204,20221115_1456_agritech_batch2bfusmalljarwater_3_1trials,1,IAF-AGRITECH-BATCH2BFUSMALLJARWATER,f0757bd7-d2ff-409a-9dbf-800d92a604b0,exposure
71.0,1.0,12398,101778,29547,54528,222312,20397,133856,69240,193558,90135,145850,111374,12279,82671,6230,1461,60615,30023,106039,253662,178755,21779,353264,9687,30112,265673,44220,61056,322846,44827,410040,244080,2022-11-15T14:57:44.093000-05:00,25.046773858921163,47.59419087136929,100360_9606_705204,20221115_1456_agritech_batch2bfusmalljarwater_3_1trials,1,IAF-AGRITECH-BATCH2BFUSMALLJARWATER,f0757bd7-d2ff-409a-9dbf-800d92a604b0,exposure
72.0,1.0,12396,101732,29529,54515,222360,20391,133925,69225,193602,90118,145812,111139,12277,82663,6230,1460,60629,30022,105918,253726,178782,21770,353078,9672,30118,265513,44204,60961,322807,44749,410315,244117,2022-11-15T14:57:45.093000-05:00,25.047154639175258,47.5149587628866,100360_9606_705204,20221115_1456_agritech_batch2bfusmalljarwater_3_1trials,1,IAF-AGRITECH-BATCH2BFUSMALLJARWATER,f0757bd7-d2ff-409a-9dbf-800d92a604b0,exposure
73.0,1.0,12396,101744,29531,54504,222392,20389,133872,69212,193602,90077,145725,110866,12277,82656,6228,1457,60629,30023,106021,253714,178729,21761,353127,9661,30119,265506,44185,60861,322278,44683,410271,244077,2022-11-15T14:57:46.093000-05:00,25.052210743801652,47.44273760330579,100360_9606_705204,20221115_1456_agritech_batch2bfusmalljarwater_3_1trials,1,IAF-AGRITECH-BATCH2BFUSMALLJARWATER,f0757bd7-d2ff-409a-9dbf-800d92a604b0,exposure
74.0,1.0,12399,101715,29518,54515,222286,20386,133955,69213,193614,90058,145699,110570,12276,82630,6225,1460,60616,30021,106102,253632,178550,21761,353099,9651,30112,265511,44167,60794,322065,44637,410228,244005,2022-11-15T14:57:47.093000-05:00,25.03578350515464,47.35361855670103,100360_9606_705204,20221115_1456_agritech_batch2bfusmalljarwater_3_1trials,1,IAF-AGRITECH-BATCH2BFUSMALLJARWATER,f0757bd7-d2ff-409a-9dbf-800d92a604b0,exposure
75.0,1.0,12396,101684,29523,54479,222226,20385,133928,69196,193604,90033,145613,110294,12277,82603,6220,1458,60593,30014,105898,253633,178566,21758,353086,9643,30102,265452,44145,60701,322019,44599,410115,244049,2022-11-15T14:57:48.093000-05:00,25.03,47.25831958762887,100360_9606_705204,20221115_1456_agritech_batch2bfusmalljarwater_3_1trials,1,IAF-AGRITECH-BATCH2BFUSMALLJARWATER,f0757bd7-d2ff-409a-9dbf-800d92a604b0,exposure
76.0,1.0,12395,101661,29529,54476,222238,20382,133949,69157,193619,90018,145542,110055,12279,82574,6215,1457,60563,30004,106008,253645,178618,21755,353069,9636,30088,265443,44129,60596,321690,44541,409735,244108,2022-11-15T14:57:49.093000-05:00,25.03968008255934,47.176439628482974,100360_9606_705204,20221115_1456_agritech_batch2bfusmalljarwater_3_1trials,1,IAF-AGRITECH-BATCH2BFUSMALLJARWATER,f0757bd7-d2ff-409a-9dbf-800d92a604b0,exposure
77.0,1.0,12393,101660,29532,54480,222172,20386,133894,69164,193628,90018,145489,109818,12277,82555,6212,1458,60544,29997,105767,253603,178657,21759,352968,9629,30060,265422,44119,60500,321431,44492,409529,244120,2022-11-15T14:57:50.093000-05:00,25.05,47.08872033023736,100360_9606_705204,20221115_1456_agritech_batch2bfusmalljarwater_3_1trials,1,IAF-AGRITECH-BATCH2BFUSMALLJARWATER,f0757bd7-d2ff-409a-9dbf-800d92a604b0,exposure
78.0,1.0,12390,101654,29517,54455,222146,20389,133892,69178,193579,90014,145416,109534,12275,82534,6210,1460,60555,29989,105772,253609,178692,21755,352962,9620,30045,265383,44115,60422,321332,44444,409589,244060,2022-11-15T14:57:51.093000-05:00,25.022543950361946,46.99508790072389,100360_9606_705204,20221115_1456_agritech_batch2bfusmalljarwater_3_1trials,1,IAF-AGRITECH-BATCH2BFUSMALLJARWATER,f0757bd7-d2ff-409a-9dbf-800d92a604b0,exposure
79.0,1.0,12389,101595,29508,54433,222135,20383,133955,69183,193562,89998,145335,109234,12274,82580,6207,1459,60531,29980,106016,253602,178621,21752,352900,9606,30058,265333,44110,60320,321114,44390,409807,243957,2022-11-15T14:57:52.093000-05:00,25.02931392931393,46.926548856548855,100360_9606_705204,20221115_1456_agritech_batch2bfusmalljarwater_3_1trials,1,IAF-AGRITECH-BATCH2BFUSMALLJARWATER,f0757bd7-d2ff-409a-9dbf-800d92a604b0,exposure
80.0,1.0,12387,101582,29485,54439,222162,20379,134052,69197,193554,89992,145244,108997,12273,82557,6205,1460,60514,29986,105907,253560,178764,21756,352783,9600,30060,265313,44106,60205,320892,44355,409822,243952,2022-11-15T14:57:53.093000-05:00,25.043793814432988,46.854144329896904,100360_9606_705204,20221115_1456_agritech_batch2bfusmalljarwater_3_1trials,1,IAF-AGRITECH-BATCH2BFUSMALLJARWATER,f0757bd7-d2ff-409a-9dbf-800d92a604b0,exposure
81.0,1.0,12387,101565,29505,54438,222151,20381,134012,69197,193500,89956,145191,108759,12277,82512,6203,1460,60535,29993,106005,253588,178835,21760,352823,9588,30048,265295,44085,60147,320777,44323,410058,243838,2022-11-15T14:57:54.093000-05:00,25.026955624355004,46.77434468524252,100360_9606_705204,20221115_1456_agritech_batch2bfusmalljarwater_3_1trials,1,IAF-AGRITECH-BATCH2BFUSMALLJARWATER,f0757bd7-d2ff-409a-9dbf-800d92a604b0,exposure
82.0,1.0,12388,101524,29516,54423,222091,20374,133939,69155,193469,89926,145127,108572,12278,82483,6201,1459,60526,29984,106209,253643,178795,21751,352829,9578,30027,265339,44080,60076,320405,44247,410039,243856,2022-11-15T14:57:55.093000-05:00,25.033684210526314,46.71578947368421,100360_9606_705204,20221115_1456_agritech_batch2bfusmalljarwater_3_1trials,1,IAF-AGRITECH-BATCH2BFUSMALLJARWATER,f0757bd7-d2ff-409a-9dbf-800d92a604b0,exposure
83.0,1.0,12388,101528,29513,54397,222138,20373,133953,69130,193468,89918,145051,108281,12276,82456,6199,1459,60534,29982,106131,253714,178765,21749,352775,9571,30030,265305,44075,60002,320208,44184,409869,243861,2022-11-15T14:57:56.093000-05:00,25.032841670964412,46.63557503867973,100360_9606_705204,20221115_1456_agritech_batch2bfusmalljarwater_3_1trials,1,IAF-AGRITECH-BATCH2BFUSMALLJARWATER,f0757bd7-d2ff-409a-9dbf-800d92a604b0,exposure
84.0,1.0,12388,101548,29514,54369,222235,20376,133977,69122,193472,89915,144977,107928,12275,82436,6196,1460,60557,29986,105954,253795,178755,21752,352714,9565,30044,265215,44065,59935,320162,44135,409759,243806,2022-11-15T14:57:57.093000-05:00,25.022527075812274,46.54274368231047,100360_9606_705204,20221115_1456_agritech_batch2bfusmalljarwater_3_1trials,1,IAF-AGRITECH-BATCH2BFUSMALLJARWATER,f0757bd7-d2ff-409a-9dbf-800d92a604b0,exposure
85.0,1.0,12389,101516,29530,54338,222137,20369,133850,69098,193445,89923,144935,107784,12274,82434,6192,1459,60524,29986,105853,253825,178591,21758,352643,9555,30028,265222,44044,59852,320037,44125,410034,243986,2022-11-15T14:57:58.093000-05:00,25.043350515463917,46.46551546391753,100360_9606_705204,20221115_1456_agritech_batch2bfusmalljarwater_3_1trials,1,IAF-AGRITECH-BATCH2BFUSMALLJARWATER,f0757bd7-d2ff-409a-9dbf-800d92a604b0,exposure
86.0,1.0,12390,101495,29530,54344,222000,20367,133999,69075,193455,89883,144880,107695,12274,82328,6192,1460,60517,29984,105966,253818,178655,21750,352909,9548,30046,265321,44036,59734,319711,44097,410295,243830,2022-11-15T14:57:59.093000-05:00,25.033797729618165,46.37708978328173,100360_9606_705204,20221115_1456_agritech_batch2bfusmalljarwater_3_1trials,1,IAF-AGRITECH-BATCH2BFUSMALLJARWATER,f0757bd7-d2ff-409a-9dbf-800d92a604b0,exposure
87.0,1.0,12388,101478,29531,54323,221982,20369,134031,69054,193400,89890,144864,107479,12274,82344,6190,1462,60521,29984,105868,253753,178589,21755,353165,9539,30014,265189,44029,59650,319628,44012,410114,243764,2022-11-15T14:58:00.093000-05:00,25.03,46.30111340206185,100360_9606_705204,20221115_1456_agritech_batch2bfusmalljarwater_3_1trials,1,IAF-AGRITECH-BATCH2BFUSMALLJARWATER,f0757bd7-d2ff-409a-9dbf-800d92a604b0,exposure
88.0,1.0,12388,101463,29520,54277,221981,20360,133973,69023,193446,89869,144822,107240,12272,82302,6183,1459,60525,29983,105866,253742,178654,21753,352720,9531,29990,265426,43998,59571,319340,43998,410048,243869,2022-11-15T14:58:01.093000-05:00,25.021269349845202,46.22888544891641,100360_9606_705204,20221115_1456_agritech_batch2bfusmalljarwater_3_1trials,1,IAF-AGRITECH-BATCH2BFUSMALLJARWATER,f0757bd7-d2ff-409a-9dbf-800d92a604b0,exposure
89.0,1.0,12387,101398,29519,54271,222089,20364,134109,69001,193481,89868,144722,107049,12274,82364,6183,1463,60513,29984,106165,253762,178704,21756,352944,9520,30003,265349,43986,59489,319157,43945,409997,243923,2022-11-15T14:58:02.093000-05:00,25.029041237113404,46.16575257731959,100360_9606_705204,20221115_1456_agritech_batch2bfusmalljarwater_3_1trials,1,IAF-AGRITECH-BATCH2BFUSMALLJARWATER,f0757bd7-d2ff-409a-9dbf-800d92a604b0,exposure
90.0,1.0,12387,101375,29508,54268,221916,20364,133936,69006,193413,89813,144683,106689,12271,82263,6181,1459,60501,29972,105657,253797,178650,21757,352806,9509,30001,265419,43968,59422,319161,43894,409978,243789,2022-11-15T14:58:03.093000-05:00,25.05810950413223,46.10378099173554,100360_9606_705204,20221115_1456_agritech_batch2bfusmalljarwater_3_1trials,1,IAF-AGRITECH-BATCH2BFUSMALLJARWATER,f0757bd7-d2ff-409a-9dbf-800d92a604b0,exposure
91.0,1.0,12386,101401,29506,54268,221932,20359,133943,69031,193473,89824,144612,106509,12271,82283,6180,1459,60512,29977,106004,253855,178811,21752,352865,9500,30009,265267,43955,59330,318874,43866,410410,243742,2022-11-15T14:58:04.093000-05:00,25.011647785787847,46.03230690010299,100360_9606_705204,20221115_1456_agritech_batch2bfusmalljarwater_3_1trials,1,IAF-AGRITECH-BATCH2BFUSMALLJARWATER,f0757bd7-d2ff-409a-9dbf-800d92a604b0,exposure
92.0,1.0,12386,101370,29488,54234,222110,20359,134050,69008,193480,89825,144577,106314,12269,82231,6179,1460,60527,29957,105799,253937,178459,21753,352869,9495,30010,265383,43976,59236,318478,43785,410236,243762,2022-11-15T14:58:05.093000-05:00,25.029979360165118,45.95008255933953,100360_9606_705204,20221115_1456_agritech_batch2bfusmalljarwater_3_1trials,1,IAF-AGRITECH-BATCH2BFUSMALLJARWATER,f0757bd7-d2ff-409a-9dbf-800d92a604b0,exposure
93.0,1.0,12386,101342,29500,54216,221970,20353,133956,69001,193488,89811,144488,106202,12265,82227,6174,1457,60516,29965,105781,253674,178687,21743,353003,9490,29988,265282,43938,59185,318341,43691,410371,243597,2022-11-15T14:58:06.093000-05:00,25.02940206185567,45.87790721649485,100360_9606_705204,20221115_1456_agritech_batch2bfusmalljarwater_3_1trials,1,IAF-AGRITECH-BATCH2BFUSMALLJARWATER,f0757bd7-d2ff-409a-9dbf-800d92a604b0,exposure
94.0,1.0,12389,101318,29493,54214,221937,20350,133924,69007,193481,89809,144480,105879,12268,82152,6170,1461,60449,29955,105767,253685,178524,21746,352478,9476,29987,265261,43934,59130,318051,43692,410330,243770,2022-11-15T14:58:07.093000-05:00,25.010611398963732,45.80633160621762,100360_9606_705204,20221115_1456_agritech_batch2bfusmalljarwater_3_1trials,1,IAF-AGRITECH-BATCH2BFUSMALLJARWATER,f0757bd7-d2ff-409a-9dbf-800d92a604b0,exposure
95.0,1.0,12386,101339,29483,54190,222213,20351,133954,69031,193456,89786,144466,105661,12271,82220,6172,1461,60548,29951,105854,253752,178501,21743,352829,9471,29981,265256,43933,59060,317907,43670,410033,243801,2022-11-15T14:58:08.093000-05:00,25.016123711340207,45.74418556701031,100360_9606_705204,20221115_1456_agritech_batch2bfusmalljarwater_3_1trials,1,IAF-AGRITECH-BATCH2BFUSMALLJARWATER,f0757bd7-d2ff-409a-9dbf-800d92a604b0,exposure
96.0,1.0,12385,101301,29481,54137,222206,20348,133896,69079,193407,89777,144384,105456,12271,82106,6169,1455,60474,29967,106175,253775,178450,21742,352615,9463,29966,265317,43924,58997,317815,43607,410483,243781,2022-11-15T14:58:09.093000-05:00,24.981279669762642,45.68104231166151,100360_9606_705204,20221115_1456_agritech_batch2bfusmalljarwater_3_1trials,1,IAF-AGRITECH-BATCH2BFUSMALLJARWATER,f0757bd7-d2ff-409a-9dbf-800d92a604b0,exposure
97.0,1.0,12385,101219,29501,54156,222153,20353,133776,69069,193396,89742,144380,105192,12261,82235,6165,1459,60492,29960,106148,253676,178589,21735,352511,9457,29958,265268,43908,58926,317548,43539,410488,243594,2022-11-15T14:58:10.093000-05:00,24.98840206185567,45.60721649484536,100360_9606_705204,20221115_1456_agritech_batch2bfusmalljarwater_3_1trials,1,IAF-AGRITECH-BATCH2BFUSMALLJARWATER,f0757bd7-d2ff-409a-9dbf-800d92a604b0,exposure
98.0,1.0,12386,101266,29497,54147,222076,20349,133781,69005,193443,89744,144301,105085,12267,82164,6164,1459,60487,29955,105727,253636,178691,21736,352643,9449,29955,265150,43915,58862,317225,43456,410370,243579,2022-11-15T14:58:11.093000-05:00,24.983822314049586,45.52853305785124,100360_9606_705204,20221115_1456_agritech_batch2bfusmalljarwater_3_1trials,1,IAF-AGRITECH-BATCH2BFUSMALLJARWATER,f0757bd7-d2ff-409a-9dbf-800d92a604b0,exposure
99.0,1.0,12382,101218,29480,54132,222029,20349,133917,69023,193442,89743,144185,104825,12267,82109,6160,1458,60511,29956,105977,253598,178840,21742,352672,9435,29928,265151,43883,58774,317216,43465,410086,243602,2022-11-15T14:58:12.093000-05:00,25.004539748953974,45.46865062761506,100360_9606_705204,20221115_1456_agritech_batch2bfusmalljarwater_3_1trials,1,IAF-AGRITECH-BATCH2BFUSMALLJARWATER,f0757bd7-d2ff-409a-9dbf-800d92a604b0,exposure
100.0,1.0,12386,101206,29491,54145,222106,20346,133956,69027,193461,89748,144211,104534,12266,82183,6158,1461,60485,29957,105864,253648,178582,21729,352479,9426,29924,265106,43876,58695,316798,43396,410283,243748,2022-11-15T14:58:13.093000-05:00,25.02,45.41385567010309,100360_9606_705204,20221115_1456_agritech_batch2bfusmalljarwater_3_1trials,1,IAF-AGRITECH-BATCH2BFUSMALLJARWATER,f0757bd7-d2ff-409a-9dbf-800d92a604b0,exposure
101.0,1.0,12385,101189,29488,54151,222203,20339,133886,69014,193465,89745,144096,104307,12267,82183,6159,1460,60494,29957,106012,253709,178642,21727,352448,9417,29926,265064,43866,58636,316666,43350,410048,243930,2022-11-15T14:58:14.093000-05:00,25.02,45.351981424148605,100360_9606_705204,20221115_1456_agritech_batch2bfusmalljarwater_3_1trials,1,IAF-AGRITECH-BATCH2BFUSMALLJARWATER,f0757bd7-d2ff-409a-9dbf-800d92a604b0,exposure
102.0,1.0,12384,101174,29491,54140,222241,20338,133801,69009,193490,89691,144025,104164,12265,82218,6154,1458,60490,29940,105838,253745,178665,21725,352574,9411,29940,265004,43859,58572,316510,43332,410066,243882,2022-11-15T14:58:15.093000-05:00,25.023354166666667,45.29322916666667,100360_9606_705204,20221115_1456_agritech_batch2bfusmalljarwater_3_1trials,1,IAF-AGRITECH-BATCH2BFUSMALLJARWATER,f0757bd7-d2ff-409a-9dbf-800d92a604b0,exposure
103.0,1.0,12387,101148,29484,54115,222262,20338,133852,69017,193466,89682,143964,104023,12264,82147,6152,1460,60455,29943,105676,253738,178497,21727,352485,9404,29943,265045,43854,58506,316327,43328,409947,243832,2022-11-15T14:58:16.093000-05:00,25.03,45.23387628865979,100360_9606_705204,20221115_1456_agritech_batch2bfusmalljarwater_3_1trials,1,IAF-AGRITECH-BATCH2BFUSMALLJARWATER,f0757bd7-d2ff-409a-9dbf-800d92a604b0,exposure
104.0,1.0,12387,101103,29487,54111,222221,20339,133855,69027,193524,89681,143912,103826,12264,82137,6151,1461,60474,29954,105922,253705,178410,21731,352538,9402,29925,265090,43850,58437,316316,43274,409889,243897,2022-11-15T14:58:17.093000-05:00,25.021917525773198,45.157670103092784,100360_9606_705204,20221115_1456_agritech_batch2bfusmalljarwater_3_1trials,1,IAF-AGRITECH-BATCH2BFUSMALLJARWATER,f0757bd7-d2ff-409a-9dbf-800d92a604b0,exposure
105.0,1.0,12384,101094,29498,54126,222145,20338,133976,69010,193477,89661,143868,103597,12262,82140,6148,1461,60489,29946,105949,253724,178451,21727,352583,9398,29921,265177,43839,58378,316224,43212,410058,243962,2022-11-15T14:58:18.093000-05:00,25.001298969072167,45.09259793814433,100360_9606_705204,20221115_1456_agritech_batch2bfusmalljarwater_3_1trials,1,IAF-AGRITECH-BATCH2BFUSMALLJARWATER,f0757bd7-d2ff-409a-9dbf-800d92a604b0,exposure
106.0,1.0,12381,101076,29506,54127,222115,20336,134081,69014,193408,89652,143819,103346,12264,82167,6144,1459,60512,29942,105884,253672,178537,21729,352562,9389,29905,265112,43830,58333,316112,43150,410071,243815,2022-11-15T14:58:19.093000-05:00,24.999319587628865,45.032721649484536,100360_9606_705204,20221115_1456_agritech_batch2bfusmalljarwater_3_1trials,1,IAF-AGRITECH-BATCH2BFUSMALLJARWATER,f0757bd7-d2ff-409a-9dbf-800d92a604b0,exposure
107.0,1.0,12380,101042,29520,54137,222170,20334,133976,69017,193391,89637,143772,103186,12264,82183,6143,1460,60528,29940,105860,253648,178393,21734,352584,9377,29882,265061,43827,58261,315902,43094,410244,243649,2022-11-15T14:58:20.093000-05:00,25.01,44.965128998968005,100360_9606_705204,20221115_1456_agritech_batch2bfusmalljarwater_3_1trials,1,IAF-AGRITECH-BATCH2BFUSMALLJARWATER,f0757bd7-d2ff-409a-9dbf-800d92a604b0,exposure
108.0,1.0,12381,101049,29508,54149,222172,20337,133874,69044,193381,89620,143737,103067,12262,82131,6141,1458,60527,29936,105892,253673,178211,21730,352727,9368,29871,265081,43821,58172,315751,43067,410242,243558,2022-11-15T14:58:21.093000-05:00,24.9993125,44.91328125,100360_9606_705204,20221115_1456_agritech_batch2bfusmalljarwater_3_1trials,1,IAF-AGRITECH-BATCH2BFUSMALLJARWATER,f0757bd7-d2ff-409a-9dbf-800d92a604b0,exposure
109.0,1.0,12377,101022,29496,54113,222158,20337,133828,69037,193423,89599,143735,102930,12266,82066,6139,1458,60530,29933,106012,253676,178159,21723,352936,9368,29898,265042,43802,58105,315525,43029,410117,243594,2022-11-15T14:58:22.093000-05:00,24.984298969072164,44.850092783505154,100360_9606_705204,20221115_1456_agritech_batch2bfusmalljarwater_3_1trials,1,IAF-AGRITECH-BATCH2BFUSMALLJARWATER,f0757bd7-d2ff-409a-9dbf-800d92a604b0,exposure
110.0,1.0,12377,101010,29499,54067,222025,20333,133795,68989,193395,89597,143668,102691,12265,82015,6137,1460,60534,29930,105998,253583,178263,21718,352936,9362,29897,265027,43787,58071,315279,42984,410275,243661,2022-11-15T14:58:23.093000-05:00,24.992045454545455,44.79590909090909,100360_9606_705204,20221115_1456_agritech_batch2bfusmalljarwater_3_1trials,1,IAF-AGRITECH-BATCH2BFUSMALLJARWATER,f0757bd7-d2ff-409a-9dbf-800d92a604b0,exposure
111.0,1.0,12378,101036,29498,54064,222006,20332,133832,68979,193344,89588,143624,102467,12262,82022,6135,1460,60522,29929,106001,253553,178336,21718,352867,9353,29875,264975,43778,58018,315189,42965,410433,243604,2022-11-15T14:58:24.093000-05:00,24.99049948506694,44.741997940267765,100360_9606_705204,20221115_1456_agritech_batch2bfusmalljarwater_3_1trials,1,IAF-AGRITECH-BATCH2BFUSMALLJARWATER,f0757bd7-d2ff-409a-9dbf-800d92a604b0,exposure
112.0,1.0,12376,101051,29489,54080,222120,20334,133915,68996,193323,89562,143618,102294,12263,82048,6134,1461,60514,29926,106077,253583,178366,21723,352808,9349,29866,264917,43770,57945,315147,42960,410494,243495,2022-11-15T14:58:25.093000-05:00,24.97505149330587,44.68020597322348,100360_9606_705204,20221115_1456_agritech_batch2bfusmalljarwater_3_1trials,1,IAF-AGRITECH-BATCH2BFUSMALLJARWATER,f0757bd7-d2ff-409a-9dbf-800d92a604b0,exposure
113.0,1.0,12378,101068,29514,54042,222059,20327,133672,68963,193289,89556,143481,102141,12262,82020,6136,1461,60485,29924,105920,253577,178505,21730,352716,9341,29853,264789,43761,57893,314996,42924,410454,243498,2022-11-15T14:58:26.093000-05:00,24.99778121775026,44.62527347781218,100360_9606_705204,20221115_1456_agritech_batch2bfusmalljarwater_3_1trials,1,IAF-AGRITECH-BATCH2BFUSMALLJARWATER,f0757bd7-d2ff-409a-9dbf-800d92a604b0,exposure
114.0,1.0,12377,101038,29531,54013,222112,20324,133640,68961,193343,89546,143487,102006,12261,82116,6132,1458,60487,29919,105807,253510,178541,21725,352667,9336,29871,264812,43754,57823,314787,42898,410187,243542,2022-11-15T14:58:27.093000-05:00,24.98096907216495,44.57371134020619,100360_9606_705204,20221115_1456_agritech_batch2bfusmalljarwater_3_1trials,1,IAF-AGRITECH-BATCH2BFUSMALLJARWATER,f0757bd7-d2ff-409a-9dbf-800d92a604b0,exposure
115.0,1.0,12376,100977,29534,54030,222007,20320,133571,68985,193274,89340,142802,99024,12247,81852,6107,1458,60397,29794,105723,253340,177986,21684,352072,9240,29590,263342,43187,54994,307822,41149,409582,243170,2022-11-15T14:58:28.093000-05:00,24.97,44.32542268041237,100360_9606_705204,20221115_1456_agritech_batch2bfusmalljarwater_3_1trials,1,IAF-AGRITECH-BATCH2BFUSMALLJARWATER,f0757bd7-d2ff-409a-9dbf-800d92a604b0,exposure
116.0,1.0,12349,100182,29508,53687,221772,20245,133627,68890,192887,88805,141071,85879,12231,81571,6053,1458,60304,29709,105467,253170,177638,21653,351593,9138,29415,262853,42928,53404,304013,40293,409506,242976,2022-11-15T14:58:29.093000-05:00,24.97,43.262409513960705,100360_9606_705204,20221115_1456_agritech_batch2bfusmalljarwater_3_1trials,1,IAF-AGRITECH-BATCH2BFUSMALLJARWATER,f0757bd7-d2ff-409a-9dbf-800d92a604b0,exposure
117.0,1.0,12336,99805,29459,53318,221535,20211,133565,68886,192716,88609,140411,78139,12223,81494,6020,1459,60312,29697,105376,253142,177663,21640,351463,9069,29344,262658,42881,52942,302932,40013,409543,242944,2022-11-15T14:58:30.093000-05:00,24.937167868177138,42.01503604531411,100360_9606_705204,20221115_1456_agritech_batch2bfusmalljarwater_3_1trials,1,IAF-AGRITECH-BATCH2BFUSMALLJARWATER,f0757bd7-d2ff-409a-9dbf-800d92a604b0,exposure
118.0,1.0,12339,99604,29432,53120,221438,20208,133760,68931,192711,88501,140086,74651,12220,81148,6004,1458,60260,29691,105438,253054,177610,21640,351363,9024,29309,262673,42827,52567,302283,39824,409770,242964,2022-11-15T14:58:31.093000-05:00,24.938515463917525,40.95696907216495,100360_9606_705204,20221115_1456_agritech_batch2bfusmalljarwater_3_1trials,1,IAF-AGRITECH-BATCH2BFUSMALLJARWATER,f0757bd7-d2ff-409a-9dbf-800d92a604b0,exposure
119.0,1.0,12333,99467,29429,53026,221443,20199,133732,68891,192678,88426,139785,72392,12217,81059,5988,1458,60255,29688,105180,253058,177521,21635,351212,8981,29297,262637,42785,52270,301652,39620,409593,242905,2022-11-15T14:58:32.093000-05:00,24.931184346035014,40.10474768280123,100360_9606_705204,20221115_1456_agritech_batch2bfusmalljarwater_3_1trials,1,IAF-AGRITECH-BATCH2BFUSMALLJARWATER,f0757bd7-d2ff-409a-9dbf-800d92a604b0,exposure
120.0,1.0,12327,99438,29436,52962,221568,20187,133660,68890,192676,88392,139643,70809,12218,80963,5976,1458,60245,29691,104994,252995,177482,21639,351288,8952,29264,262675,42761,52085,301089,39548,409459,242900,2022-11-15T14:58:33.093000-05:00,24.94828512396694,39.42487603305785,100360_9606_705204,20221115_1456_agritech_batch2bfusmalljarwater_3_1trials,1,IAF-AGRITECH-BATCH2BFUSMALLJARWATER,f0757bd7-d2ff-409a-9dbf-800d92a604b0,recovery
121.0,1.0,12327,99379,29414,52844,221436,20187,133676,68935,192589,88343,139584,69728,12218,80878,5968,1457,60284,29689,105292,252955,177871,21635,351089,8927,29289,262715,42782,51996,300931,39469,409276,242942,2022-11-15T14:58:34.093000-05:00,24.931092783505154,38.90677319587629,100360_9606_705204,20221115_1456_agritech_batch2bfusmalljarwater_3_1trials,1,IAF-AGRITECH-BATCH2BFUSMALLJARWATER,f0757bd7-d2ff-409a-9dbf-800d92a604b0,recovery
122.0,1.0,12330,99392,29464,52831,221566,20180,133733,68960,192631,88283,139524,68956,12215,80775,5964,1457,60273,29686,104994,253126,177716,21645,351043,8904,29278,262560,42735,51870,300601,39376,409475,242819,2022-11-15T14:58:35.093000-05:00,24.969091847265222,38.50862745098039,100360_9606_705204,20221115_1456_agritech_batch2bfusmalljarwater_3_1trials,1,IAF-AGRITECH-BATCH2BFUSMALLJARWATER,f0757bd7-d2ff-409a-9dbf-800d92a604b0,recovery
123.0,1.0,12328,99242,29421,52693,221581,20181,133721,68926,192590,88282,139283,68225,12217,80912,5956,1456,60282,29672,105162,253002,177649,21647,350887,8885,29291,262677,42725,51799,300351,39294,409529,242822,2022-11-15T14:58:36.093000-05:00,24.949711042311662,38.18804953560371,100360_9606_705204,20221115_1456_agritech_batch2bfusmalljarwater_3_1trials,1,IAF-AGRITECH-BATCH2BFUSMALLJARWATER,f0757bd7-d2ff-409a-9dbf-800d92a604b0,recovery
124.0,1.0,12328,99233,29410,52719,221409,20180,133669,68924,192547,88236,139153,67702,12218,80860,5951,1458,60243,29672,105239,253115,177905,21636,350910,8865,29249,262707,42728,51684,300095,39208,409474,242761,2022-11-15T14:58:37.093000-05:00,24.91039175257732,37.91255670103093,100360_9606_705204,20221115_1456_agritech_batch2bfusmalljarwater_3_1trials,1,IAF-AGRITECH-BATCH2BFUSMALLJARWATER,f0757bd7-d2ff-409a-9dbf-800d92a604b0,recovery
125.0,1.0,12328,99237,29406,52692,221389,20183,133848,68924,192585,88211,139077,67255,12217,80902,5945,1457,60294,29682,104785,253010,177803,21632,351026,8851,29250,262580,42735,51669,299678,39153,409458,242945,2022-11-15T14:58:38.093000-05:00,24.922103092783505,37.71738144329897,100360_9606_705204,20221115_1456_agritech_batch2bfusmalljarwater_3_1trials,1,IAF-AGRITECH-BATCH2BFUSMALLJARWATER,f0757bd7-d2ff-409a-9dbf-800d92a604b0,recovery
126.0,1.0,12327,99180,29427,52620,221457,20180,133610,68880,192599,88195,139103,66833,12217,80853,5937,1457,60227,29679,104727,253066,177838,21646,350990,8837,29243,262581,42721,51554,299540,39087,409429,242898,2022-11-15T14:58:39.093000-05:00,24.94898969072165,37.53787628865979,100360_9606_705204,20221115_1456_agritech_batch2bfusmalljarwater_3_1trials,1,IAF-AGRITECH-BATCH2BFUSMALLJARWATER,f0757bd7-d2ff-409a-9dbf-800d92a604b0,recovery
127.0,1.0,12326,99220,29413,52630,221397,20182,133470,68947,192699,88191,139086,66439,12217,80809,5936,1456,60224,29685,105309,253037,177640,21646,350822,8827,29215,262610,42722,51501,299688,39035,409484,242921,2022-11-15T14:58:40.093000-05:00,24.938673575129535,37.41540932642487,100360_9606_705204,20221115_1456_agritech_batch2bfusmalljarwater_3_1trials,1,IAF-AGRITECH-BATCH2BFUSMALLJARWATER,f0757bd7-d2ff-409a-9dbf-800d92a604b0,recovery
128.0,1.0,12323,99222,29404,52595,221462,20184,133594,68958,192641,88155,139042,66231,12218,80768,5931,1456,60224,29684,105204,253031,177707,21645,350776,8809,29225,262710,42700,51433,299355,39017,409669,242793,2022-11-15T14:58:41.093000-05:00,24.928317853457173,37.304860681114555,100360_9606_705204,20221115_1456_agritech_batch2bfusmalljarwater_3_1trials,1,IAF-AGRITECH-BATCH2BFUSMALLJARWATER,f0757bd7-d2ff-409a-9dbf-800d92a604b0,recovery
129.0,1.0,12325,99169,29430,52544,221431,20181,133603,68943,192640,88143,139032,65973,12214,80711,5927,1456,60215,29675,104837,253026,177567,21649,350927,8796,29236,262651,42702,51413,299006,39023,409686,242664,2022-11-15T14:58:42.093000-05:00,24.924041666666668,37.21585416666667,100360_9606_705204,20221115_1456_agritech_batch2bfusmalljarwater_3_1trials,1,IAF-AGRITECH-BATCH2BFUSMALLJARWATER,f0757bd7-d2ff-409a-9dbf-800d92a604b0,recovery
130.0,1.0,12322,99168,29434,52552,221503,20182,133498,68879,192556,88139,138958,65784,12216,80735,5923,1457,60204,29683,105155,253050,177754,21646,350723,8789,29210,262690,42689,51360,299111,38973,409664,242747,2022-11-15T14:58:43.093000-05:00,24.935170278637774,37.14551083591331,100360_9606_705204,20221115_1456_agritech_batch2bfusmalljarwater_3_1trials,1,IAF-AGRITECH-BATCH2BFUSMALLJARWATER,f0757bd7-d2ff-409a-9dbf-800d92a604b0,recovery
131.0,1.0,12319,99160,29434,52461,221344,20181,133518,68896,192546,88148,138986,65577,12216,80745,5922,1455,60185,29686,105076,253036,177845,21649,350673,8777,29213,262807,42695,51309,299039,38939,409527,242827,2022-11-15T14:58:44.093000-05:00,24.917239583333334,37.08619791666667,100360_9606_705204,20221115_1456_agritech_batch2bfusmalljarwater_3_1trials,1,IAF-AGRITECH-BATCH2BFUSMALLJARWATER,f0757bd7-d2ff-409a-9dbf-800d92a604b0,recovery
132.0,1.0,12321,99175,29435,52408,221366,20177,133534,68896,192555,88129,138892,65394,12217,80632,5918,1456,60174,29685,105152,253112,177760,21639,350735,8768,29217,262653,42693,51277,298916,38891,409494,242657,2022-11-15T14:58:45.093000-05:00,24.916288659793814,37.03742268041237,100360_9606_705204,20221115_1456_agritech_batch2bfusmalljarwater_3_1trials,1,IAF-AGRITECH-BATCH2BFUSMALLJARWATER,f0757bd7-d2ff-409a-9dbf-800d92a604b0,recovery
133.0,1.0,12320,99147,29420,52317,221449,20180,133541,68948,192552,88109,138880,65272,12214,80711,5915,1457,60210,29685,104856,253071,177692,21634,350670,8755,29224,262656,42672,51247,298783,38860,409404,242567,2022-11-15T14:58:46.093000-05:00,24.93,37.00309278350515,100360_9606_705204,20221115_1456_agritech_batch2bfusmalljarwater_3_1trials,1,IAF-AGRITECH-BATCH2BFUSMALLJARWATER,f0757bd7-d2ff-409a-9dbf-800d92a604b0,recovery
134.0,1.0,12322,99096,29388,52289,221463,20179,133487,69017,192568,88095,138804,65143,12214,80620,5916,1455,60237,29682,105089,252981,177807,21637,350535,8746,29234,262674,42664,51219,298627,38828,409414,242440,2022-11-15T14:58:47.093000-05:00,24.93,36.97494845360825,100360_9606_705204,20221115_1456_agritech_batch2bfusmalljarwater_3_1trials,1,IAF-AGRITECH-BATCH2BFUSMALLJARWATER,f0757bd7-d2ff-409a-9dbf-800d92a604b0,recovery
135.0,1.0,12325,99087,29388,52317,221449,20182,133479,69048,192610,88098,138748,65010,12216,80593,5914,1456,60226,29678,105176,252953,177954,21633,350660,8737,29230,262668,42670,51241,298699,38810,409395,242548,2022-11-15T14:58:48.093000-05:00,24.921847265221878,36.94184726522188,100360_9606_705204,20221115_1456_agritech_batch2bfusmalljarwater_3_1trials,1,IAF-AGRITECH-BATCH2BFUSMALLJARWATER,f0757bd7-d2ff-409a-9dbf-800d92a604b0,recovery
136.0,1.0,12323,99100,29389,52319,221425,20183,133626,69026,192612,88099,138771,64908,12214,80644,5910,1457,60201,29685,104990,253038,177841,21635,350824,8731,29214,262743,42682,51241,298755,38768,409347,242574,2022-11-15T14:58:49.093000-05:00,24.92756701030928,36.92560824742268,100360_9606_705204,20221115_1456_agritech_batch2bfusmalljarwater_3_1trials,1,IAF-AGRITECH-BATCH2BFUSMALLJARWATER,f0757bd7-d2ff-409a-9dbf-800d92a604b0,recovery
137.0,1.0,12324,99064,29386,52308,221396,20182,133626,69015,192603,88088,138746,64834,12214,80689,5908,1456,60210,29696,105006,252997,177938,21631,350830,8727,29195,262742,42693,51206,298554,38747,409540,242660,2022-11-15T14:58:50.093000-05:00,24.95,36.905896907216494,100360_9606_705204,20221115_1456_agritech_batch2bfusmalljarwater_3_1trials,1,IAF-AGRITECH-BATCH2BFUSMALLJARWATER,f0757bd7-d2ff-409a-9dbf-800d92a604b0,recovery
138.0,1.0,12325,99062,29387,52260,221434,20178,133557,68993,192552,88089,138695,64740,12214,80723,5906,1457,60213,29690,105042,253010,177819,21633,350668,8719,29186,262756,42701,51179,298509,38742,409715,242748,2022-11-15T14:58:51.093000-05:00,24.93496907216495,36.89,100360_9606_705204,20221115_1456_agritech_batch2bfusmalljarwater_3_1trials,1,IAF-AGRITECH-BATCH2BFUSMALLJARWATER,f0757bd7-d2ff-409a-9dbf-800d92a604b0,recovery
139.0,1.0,12325,99066,29399,52220,221532,20181,133624,68976,192595,88092,138672,64671,12214,80716,5904,1458,60198,29684,104871,253082,177865,21632,350542,8710,29192,262795,42699,51162,298463,38730,409728,242655,2022-11-15T14:58:52.093000-05:00,24.922661165549254,36.884677668901496,100360_9606_705204,20221115_1456_agritech_batch2bfusmalljarwater_3_1trials,1,IAF-AGRITECH-BATCH2BFUSMALLJARWATER,f0757bd7-d2ff-409a-9dbf-800d92a604b0,recovery
140.0,1.0,12327,99037,29399,52218,221600,20185,133722,68947,192630,88095,138637,64621,12215,80681,5904,1456,60197,29683,104712,253124,178110,21626,350454,8702,29205,262771,42689,51155,298394,38711,409579,242618,2022-11-15T14:58:53.093000-05:00,24.927818463125323,36.87436307374935,100360_9606_705204,20221115_1456_agritech_batch2bfusmalljarwater_3_1trials,1,IAF-AGRITECH-BATCH2BFUSMALLJARWATER,f0757bd7-d2ff-409a-9dbf-800d92a604b0,recovery
141.0,1.0,12327,99036,29401,52212,221494,20184,133646,68975,192614,88091,138615,64564,12213,80539,5902,1456,60201,29684,104770,253137,177912,21622,350449,8699,29211,262705,42677,51137,298363,38692,409750,242631,2022-11-15T14:58:54.093000-05:00,24.92404540763674,36.85213622291022,100360_9606_705204,20221115_1456_agritech_batch2bfusmalljarwater_3_1trials,1,IAF-AGRITECH-BATCH2BFUSMALLJARWATER,f0757bd7-d2ff-409a-9dbf-800d92a604b0,recovery
142.0,1.0,12328,99027,29387,52166,221431,20183,133510,69003,192584,88065,138569,64478,12212,80501,5897,1455,60211,29680,104838,253175,178030,21625,350654,8693,29190,262679,42674,51125,298320,38668,409732,242544,2022-11-15T14:58:55.093000-05:00,24.907450980392156,36.846274509803926,100360_9606_705204,20221115_1456_agritech_batch2bfusmalljarwater_3_1trials,1,IAF-AGRITECH-BATCH2BFUSMALLJARWATER,f0757bd7-d2ff-409a-9dbf-800d92a604b0,recovery
143.0,1.0,12327,99012,29398,52136,221458,20179,133572,69029,192569,88064,138513,64415,12214,80508,5895,1454,60189,29687,104853,253194,178068,21625,350735,8684,29183,262600,42676,51086,298273,38645,409663,242493,2022-11-15T14:58:56.093000-05:00,24.906587628865978,36.83023711340206,100360_9606_705204,20221115_1456_agritech_batch2bfusmalljarwater_3_1trials,1,IAF-AGRITECH-BATCH2BFUSMALLJARWATER,f0757bd7-d2ff-409a-9dbf-800d92a604b0,recovery
144.0,1.0,12326,98981,29423,52141,221521,20179,133511,68997,192606,88055,138521,64348,12213,80412,5894,1454,60181,29693,105231,253100,177804,21628,350577,8680,29179,262642,42681,51060,298191,38623,409470,242475,2022-11-15T14:58:57.093000-05:00,24.92379381443299,36.826896907216494,100360_9606_705204,20221115_1456_agritech_batch2bfusmalljarwater_3_1trials,1,IAF-AGRITECH-BATCH2BFUSMALLJARWATER,f0757bd7-d2ff-409a-9dbf-800d92a604b0,recovery
145.0,1.0,12324,98990,29395,52119,221429,20184,133432,68982,192598,88048,138513,64288,12214,80387,5895,1456,60195,29693,105204,253064,177603,21627,350441,8676,29173,262655,42662,51019,298127,38624,409173,242624,2022-11-15T14:58:58.093000-05:00,24.922711157455684,36.80813347236705,100360_9606_705204,20221115_1456_agritech_batch2bfusmalljarwater_3_1trials,1,IAF-AGRITECH-BATCH2BFUSMALLJARWATER,f0757bd7-d2ff-409a-9dbf-800d92a604b0,recovery
146.0,1.0,12327,99018,29390,52120,221554,20179,133374,68982,192575,88063,138477,64234,12215,80411,5894,1457,60145,29694,105129,253152,177589,21628,350611,8673,29179,262712,42653,51006,298236,38561,409413,242595,2022-11-15T14:58:59.093000-05:00,24.92,36.79233954451345,100360_9606_705204,20221115_1456_agritech_batch2bfusmalljarwater_3_1trials,1,IAF-AGRITECH-BATCH2BFUSMALLJARWATER,f0757bd7-d2ff-409a-9dbf-800d92a604b0,recovery
147.0,1.0,12325,99018,29383,52108,221599,20178,133457,68979,192557,88047,138404,64178,12219,80411,5891,1455,60178,29697,105139,253093,177578,21629,350586,8670,29175,262636,42654,51014,298079,38566,409531,242739,2022-11-15T14:59:00.093000-05:00,24.92798761609907,36.78201238390093,100360_9606_705204,20221115_1456_agritech_batch2bfusmalljarwater_3_1trials,1,IAF-AGRITECH-BATCH2BFUSMALLJARWATER,f0757bd7-d2ff-409a-9dbf-800d92a604b0,recovery
148.0,1.0,12324,98976,29400,52109,221507,20186,133545,68995,192572,88063,138343,64135,12215,80426,5891,1456,60176,29702,105228,253106,177689,21620,350437,8664,29167,262656,42659,51011,298021,38566,409724,242618,2022-11-15T14:59:01.093000-05:00,24.905077399380804,36.78,100360_9606_705204,20221115_1456_agritech_batch2bfusmalljarwater_3_1trials,1,IAF-AGRITECH-BATCH2BFUSMALLJARWATER,f0757bd7-d2ff-409a-9dbf-800d92a604b0,recovery
149.0,1.0,12327,98969,29405,52093,221439,20181,133499,69044,192526,88023,138381,64122,12217,80394,5888,1458,60200,29704,104753,253112,177572,21624,350653,8658,29179,262671,42648,51010,298117,38537,409588,242535,2022-11-15T14:59:02.093000-05:00,24.917237113402063,36.75414432989691,100360_9606_705204,20221115_1456_agritech_batch2bfusmalljarwater_3_1trials,1,IAF-AGRITECH-BATCH2BFUSMALLJARWATER,f0757bd7-d2ff-409a-9dbf-800d92a604b0,recovery
150.0,1.0,12323,99007,29406,52081,221563,20181,133577,69037,192504,88040,138348,64086,12218,80400,5889,1456,60189,29696,104721,253076,177583,21625,350766,8650,29195,262694,42667,50991,298062,38536,409643,242528,2022-11-15T14:59:03.093000-05:00,24.92,36.741072164948456,100360_9606_705204,20221115_1456_agritech_batch2bfusmalljarwater_3_1trials,1,IAF-AGRITECH-BATCH2BFUSMALLJARWATER,f0757bd7-d2ff-409a-9dbf-800d92a604b0,recovery
151.0,1.0,12328,98971,29406,52055,221516,20182,133601,69040,192627,88005,138364,64013,12216,80385,5886,1456,60196,29698,104692,253170,177786,21632,350615,8644,29168,262574,42670,50967,298030,38517,409633,242585,2022-11-15T14:59:04.093000-05:00,24.947739938080495,36.758493292053664,100360_9606_705204,20221115_1456_agritech_batch2bfusmalljarwater_3_1trials,1,IAF-AGRITECH-BATCH2BFUSMALLJARWATER,f0757bd7-d2ff-409a-9dbf-800d92a604b0,recovery
152.0,1.0,12325,99009,29406,52065,221528,20175,133601,69023,192530,88019,138375,64021,12215,80390,5888,1459,60203,29686,105035,252939,177803,21621,350665,8642,29155,262592,42670,50938,297946,38535,409445,242534,2022-11-15T14:59:05.093000-05:00,24.930886597938144,36.74088659793814,100360_9606_705204,20221115_1456_agritech_batch2bfusmalljarwater_3_1trials,1,IAF-AGRITECH-BATCH2BFUSMALLJARWATER,f0757bd7-d2ff-409a-9dbf-800d92a604b0,recovery
153.0,1.0,12326,98981,29413,52085,221553,20175,133666,69000,192518,88012,138343,63984,12215,80291,5883,1458,60171,29703,104862,253065,177936,21613,350598,8635,29184,262641,42681,50936,297978,38480,409893,242660,2022-11-15T14:59:06.093000-05:00,24.920082901554405,36.74,100360_9606_705204,20221115_1456_agritech_batch2bfusmalljarwater_3_1trials,1,IAF-AGRITECH-BATCH2BFUSMALLJARWATER,f0757bd7-d2ff-409a-9dbf-800d92a604b0,recovery
154.0,1.0,12324,98965,29419,52043,221631,20181,133485,69065,192502,88029,138286,63932,12216,80349,5879,1457,60221,29700,104988,253042,177815,21624,350534,8630,29165,262772,42662,50942,298052,38486,409475,242690,2022-11-15T14:59:07.093000-05:00,24.93,36.73,100360_9606_705204,20221115_1456_agritech_batch2bfusmalljarwater_3_1trials,1,IAF-AGRITECH-BATCH2BFUSMALLJARWATER,f0757bd7-d2ff-409a-9dbf-800d92a604b0,recovery
155.0,1.0,12324,98964,29410,52015,221432,20178,133623,69073,192439,88041,138206,63950,12214,80399,5881,1455,60236,29702,104596,253039,177830,21619,350402,8623,29185,262605,42660,50931,297710,38493,409647,242628,2022-11-15T14:59:08.093000-05:00,24.928886597938146,36.729443298969066,100360_9606_705204,20221115_1456_agritech_batch2bfusmalljarwater_3_1trials,1,IAF-AGRITECH-BATCH2BFUSMALLJARWATER,f0757bd7-d2ff-409a-9dbf-800d92a604b0,recovery
156.0,1.0,12326,98965,29405,51996,221615,20178,133665,69046,192497,88006,138232,63958,12220,80366,5881,1456,60186,29699,104835,252974,177801,21620,350510,8622,29153,262582,42652,50937,297770,38478,409406,242478,2022-11-15T14:59:09.093000-05:00,24.911731958762886,36.719134020618554,100360_9606_705204,20221115_1456_agritech_batch2bfusmalljarwater_3_1trials,1,IAF-AGRITECH-BATCH2BFUSMALLJARWATER,f0757bd7-d2ff-409a-9dbf-800d92a604b0,recovery
157.0,1.0,12323,98977,29415,51989,221596,20185,133400,69049,192409,88019,138229,63907,12220,80410,5879,1457,60211,29690,105140,252943,177816,21639,350515,8618,29164,262625,42665,50938,297829,38441,409392,242544,2022-11-15T14:59:10.093000-05:00,24.931176470588234,36.71235294117647,100360_9606_705204,20221115_1456_agritech_batch2bfusmalljarwater_3_1trials,1,IAF-AGRITECH-BATCH2BFUSMALLJARWATER,f0757bd7-d2ff-409a-9dbf-800d92a604b0,recovery
158.0,1.0,12318,99004,29409,51993,221594,20179,133512,69046,192487,88027,138238,63904,12218,80437,5880,1455,60234,29700,105017,252991,177827,21640,350331,8614,29175,262443,42654,50917,297828,38407,409517,242467,2022-11-15T14:59:11.093000-05:00,24.938505154639177,36.72850515463917,100360_9606_705204,20221115_1456_agritech_batch2bfusmalljarwater_3_1trials,1,IAF-AGRITECH-BATCH2BFUSMALLJARWATER,f0757bd7-d2ff-409a-9dbf-800d92a604b0,recovery
159.0,1.0,12323,98971,29410,51986,221594,20184,133439,69054,192472,88026,138171,63872,12213,80432,5878,1457,60220,29700,105052,253034,177885,21650,350451,8611,29157,262530,42641,50896,297731,38441,409447,242481,2022-11-15T14:59:12.093000-05:00,24.928194014447886,36.714582043343654,100360_9606_705204,20221115_1456_agritech_batch2bfusmalljarwater_3_1trials,1,IAF-AGRITECH-BATCH2BFUSMALLJARWATER,f0757bd7-d2ff-409a-9dbf-800d92a604b0,recovery
160.0,1.0,12323,98965,29393,51946,221620,20182,133403,69052,192550,88007,138082,63850,12216,80411,5877,1459,60210,29693,105391,252992,177855,21651,350338,8608,29160,262581,42640,50919,297541,38409,409405,242402,2022-11-15T14:59:13.093000-05:00,24.92212371134021,36.69424742268041,100360_9606_705204,20221115_1456_agritech_batch2bfusmalljarwater_3_1trials,1,IAF-AGRITECH-BATCH2BFUSMALLJARWATER,f0757bd7-d2ff-409a-9dbf-800d92a604b0,recovery
161.0,1.0,12324,98983,29411,51920,221503,20183,133405,69011,192581,88004,138114,63840,12215,80478,5876,1458,60243,29683,105223,253067,177892,21638,350392,8608,29190,262587,42631,50897,297546,38400,409722,242484,2022-11-15T14:59:14.093000-05:00,24.927564499484003,36.70756449948401,100360_9606_705204,20221115_1456_agritech_batch2bfusmalljarwater_3_1trials,1,IAF-AGRITECH-BATCH2BFUSMALLJARWATER,f0757bd7-d2ff-409a-9dbf-800d92a604b0,recovery
162.0,1.0,12328,98991,29430,51948,221514,20184,133458,68952,192569,88004,138073,63781,12216,80464,5875,1456,60217,29689,105280,253009,177860,21642,350456,8599,29179,262479,42637,50919,297731,38370,409830,242515,2022-11-15T14:59:15.093000-05:00,24.922755417956658,36.7,100360_9606_705204,20221115_1456_agritech_batch2bfusmalljarwater_3_1trials,1,IAF-AGRITECH-BATCH2BFUSMALLJARWATER,f0757bd7-d2ff-409a-9dbf-800d92a604b0,recovery
163.0,1.0,12325,98977,29424,51943,221672,20179,133576,68969,192610,87984,138086,63776,12217,80418,5874,1456,60195,29695,105225,253010,177870,21642,350539,8597,29151,262453,42649,50906,297725,38355,409584,242488,2022-11-15T14:59:16.093000-05:00,24.936208333333333,36.696895833333336,100360_9606_705204,20221115_1456_agritech_batch2bfusmalljarwater_3_1trials,1,IAF-AGRITECH-BATCH2BFUSMALLJARWATER,f0757bd7-d2ff-409a-9dbf-800d92a604b0,recovery
164.0,1.0,12324,98964,29423,51933,221582,20176,133467,68941,192520,87984,138103,63772,12214,80458,5874,1457,60175,29701,105349,253029,177732,21639,350489,8589,29143,262493,42664,50869,297536,38347,409606,242610,2022-11-15T14:59:17.093000-05:00,24.94302373581011,36.69348813209494,100360_9606_705204,20221115_1456_agritech_batch2bfusmalljarwater_3_1trials,1,IAF-AGRITECH-BATCH2BFUSMALLJARWATER,f0757bd7-d2ff-409a-9dbf-800d92a604b0,recovery
165.0,1.0,12324,98983,29413,51923,221545,20180,133546,68944,192472,87999,138135,63763,12215,80443,5873,1457,60197,29697,105283,253031,177812,21634,350394,8586,29169,262619,42648,50866,297350,38321,409847,242478,2022-11-15T14:59:18.093000-05:00,24.91857585139319,36.7,100360_9606_705204,20221115_1456_agritech_batch2bfusmalljarwater_3_1trials,1,IAF-AGRITECH-BATCH2BFUSMALLJARWATER,f0757bd7-d2ff-409a-9dbf-800d92a604b0,recovery
166.0,1.0,12324,98977,29407,51905,221544,20180,133510,68968,192500,88009,138112,63764,12212,80396,5871,1456,60211,29697,105211,253063,177752,21639,350339,8584,29185,262671,42639,50872,297222,38319,409863,242460,2022-11-15T14:59:19.093000-05:00,24.908238928939237,36.69176107106076,100360_9606_705204,20221115_1456_agritech_batch2bfusmalljarwater_3_1trials,1,IAF-AGRITECH-BATCH2BFUSMALLJARWATER,f0757bd7-d2ff-409a-9dbf-800d92a604b0,recovery
167.0,1.0,12324,98946,29405,51890,221541,20177,133494,68979,192541,87996,138087,63734,12211,80393,5869,1456,60222,29700,105156,253037,177780,21649,350372,8580,29181,262622,42647,50863,297193,38330,410138,242460,2022-11-15T14:59:20.093000-05:00,24.922211340206186,36.68221134020619,100360_9606_705204,20221115_1456_agritech_batch2bfusmalljarwater_3_1trials,1,IAF-AGRITECH-BATCH2BFUSMALLJARWATER,f0757bd7-d2ff-409a-9dbf-800d92a604b0,recovery
168.0,1.0,12322,98938,29409,51902,221454,20178,133496,68966,192580,87992,138066,63719,12213,80419,5868,1456,60234,29700,105458,253051,177707,21650,350407,8580,29195,262582,42649,50867,297284,38316,410236,242505,2022-11-15T14:59:21.093000-05:00,24.927365979381445,36.68736597938144,100360_9606_705204,20221115_1456_agritech_batch2bfusmalljarwater_3_1trials,1,IAF-AGRITECH-BATCH2BFUSMALLJARWATER,f0757bd7-d2ff-409a-9dbf-800d92a604b0,recovery
169.0,1.0,12322,98952,29412,51902,221436,20181,133438,68971,192578,87996,138034,63702,12216,80440,5870,1457,60208,29705,105325,253107,177581,21653,350355,8576,29187,262681,42646,50858,297412,38295,410089,242449,2022-11-15T14:59:22.093000-05:00,24.93,36.67990712074303,100360_9606_705204,20221115_1456_agritech_batch2bfusmalljarwater_3_1trials,1,IAF-AGRITECH-BATCH2BFUSMALLJARWATER,f0757bd7-d2ff-409a-9dbf-800d92a604b0,recovery
170.0,1.0,12324,98950,29416,51888,221500,20186,133280,69001,192552,87991,138036,63708,12216,80426,5869,1457,60194,29705,105008,253105,177631,21655,350354,8576,29182,262677,42647,50845,297516,38284,409789,242430,2022-11-15T14:59:23.093000-05:00,24.93,36.67,100360_9606_705204,20221115_1456_agritech_batch2bfusmalljarwater_3_1trials,1,IAF-AGRITECH-BATCH2BFUSMALLJARWATER,f0757bd7-d2ff-409a-9dbf-800d92a604b0,recovery
171.0,1.0,12324,98916,29408,51869,221526,20185,133423,68944,192525,87977,138015,63704,12217,80417,5866,1458,60215,29700,105143,253092,177778,21654,350382,8574,29183,262620,42653,50839,297261,38280,409839,242427,2022-11-15T14:59:24.093000-05:00,24.91844169246646,36.65844169246646,100360_9606_705204,20221115_1456_agritech_batch2bfusmalljarwater_3_1trials,1,IAF-AGRITECH-BATCH2BFUSMALLJARWATER,f0757bd7-d2ff-409a-9dbf-800d92a604b0,recovery
172.0,1.0,12323,98908,29404,51878,221493,20185,133585,68944,192544,87978,138050,63691,12214,80446,5865,1458,60237,29702,105153,253226,177828,21653,350281,8568,29184,262687,42651,50831,297145,38284,409667,242474,2022-11-15T14:59:25.093000-05:00,24.91,36.66837305699482,100360_9606_705204,20221115_1456_agritech_batch2bfusmalljarwater_3_1trials,1,IAF-AGRITECH-BATCH2BFUSMALLJARWATER,f0757bd7-d2ff-409a-9dbf-800d92a604b0,recovery
173.0,1.0,12320,98924,29411,51874,221602,20183,133467,69004,192553,87985,138053,63669,12216,80439,5866,1458,60260,29700,105078,253225,177876,21656,350320,8565,29187,262704,42665,50824,297332,38294,409669,242498,2022-11-15T14:59:26.093000-05:00,24.922907216494846,36.67354639175258,100360_9606_705204,20221115_1456_agritech_batch2bfusmalljarwater_3_1trials,1,IAF-AGRITECH-BATCH2BFUSMALLJARWATER,f0757bd7-d2ff-409a-9dbf-800d92a604b0,recovery
174.0,1.0,12321,98935,29405,51870,221569,20184,133628,69037,192607,87969,137997,63630,12218,80420,5866,1459,60266,29694,104830,253216,177852,21646,350106,8564,29170,262617,42650,50810,297242,38297,409954,242459,2022-11-15T14:59:27.093000-05:00,24.916460268317852,36.65646026831785,100360_9606_705204,20221115_1456_agritech_batch2bfusmalljarwater_3_1trials,1,IAF-AGRITECH-BATCH2BFUSMALLJARWATER,f0757bd7-d2ff-409a-9dbf-800d92a604b0,recovery
